keyword,parent,company,funnel,until_date,status,date_range_start,date_range_end,data_points,error
blacks,trustpilot,JD Sports Fashion Plc,branded,2010-01-31,success,2011-04-09 03:00:00+03:00,2026-01-24 02:00:00+02:00,773,
comel,boot barn,Sabaf S.p.A.,branded,2010-01-31,success,2011-04-09 03:00:00+03:00,2026-01-24 02:00:00+02:00,773,
gentili mosconi,card factory,Gentili Mosconi-s.P.A.,branded,2010-01-31,success,2016-03-05 02:00:00+02:00,2026-01-24 02:00:00+02:00,517,
cuisinart,boot barn,"Lifetime Brands, Inc.",branded,2010-03-31,success,2011-04-09 03:00:00+03:00,2026-01-24 02:00:00+02:00,773,
pyrolon,answear,"Lakeland Industries, Inc.",branded,2010-10-31,success,2021-01-30 02:00:00+02:00,2026-01-24 02:00:00+02:00,261,
cannon,boot barn,Johnson Outdoors Inc.,branded,2010-03-31,success,2011-04-09 03:00:00+03:00,2026-01-24 02:00:00+02:00,773,
kate spade new york,answear,"Interparfums, Inc.",branded,2010-03-31,success,2011-04-09 03:00:00+03:00,2026-01-24 02:00:00+02:00,773,
gen korean bbq house,sandro,"GEN Restaurant Group, Inc.",branded,2023-06-30,success,2011-04-09 03:00:00+03:00,2026-01-24 02:00:00+02:00,773,
first watch,trustpilot,"First Watch Restaurant Group, Inc.",branded,2021-06-30,success,2011-04-09 03:00:00+03:00,2026-01-24 02:00:00+02:00,773,
the egg i,mister car wash,"First Watch Restaurant Group, Inc.",branded,2021-06-30,success,2011-04-09 03:00:00+03:00,2026-01-24 02:00:00+02:00,773,
forward industries,trustpilot,"Forward Industries, Inc.",branded,2010-01-31,success,2011-04-09 03:00:00+03:00,2026-01-24 02:00:00+02:00,773,
agloves,card factory,"Forward Industries, Inc.",branded,2010-01-31,success,2011-04-09 03:00:00+03:00,2026-01-24 02:00:00+02:00,773,
mobile edge,boot barn,"Forward Industries, Inc.",branded,2010-01-31,success,2011-04-09 03:00:00+03:00,2026-01-24 02:00:00+02:00,773,
kishigo,trustpilot,"Forward Industries, Inc.",branded,2010-01-31,success,2011-04-09 03:00:00+03:00,2026-01-24 02:00:00+02:00,773,
fossil,boot barn,"Fossil Group, Inc.",branded,2010-03-31,success,2011-04-09 03:00:00+03:00,2026-01-24 02:00:00+02:00,773,
skagen,trustpilot,"Fossil Group, Inc.",branded,2010-03-31,success,2011-04-09 03:00:00+03:00,2026-01-24 02:00:00+02:00,773,
michele,webjet,"Fossil Group, Inc.",branded,2010-03-31,success,2011-04-09 03:00:00+03:00,2026-01-24 02:00:00+02:00,773,
relic,webjet,"Fossil Group, Inc.",branded,2010-03-31,success,2011-04-09 03:00:00+03:00,2026-01-24 02:00:00+02:00,773,
michael kors,sandro,"Fossil Group, Inc.",branded,2010-03-31,success,2011-04-09 03:00:00+03:00,2026-01-24 02:00:00+02:00,773,
diesel,webjet,"Fossil Group, Inc.",branded,2010-03-31,success,2011-04-09 03:00:00+03:00,2026-01-24 02:00:00+02:00,773,
armani exchange,card factory,"Fossil Group, Inc.",branded,2010-03-31,success,2011-04-09 03:00:00+03:00,2026-01-24 02:00:00+02:00,773,
emporio armani,card factory,"Fossil Group, Inc.",branded,2010-03-31,success,2011-04-09 03:00:00+03:00,2026-01-24 02:00:00+02:00,773,
kate spade new york,webjet,"Fossil Group, Inc.",branded,2010-03-31,success,2011-04-09 03:00:00+03:00,2026-01-24 02:00:00+02:00,773,
misfit,webjet,"Fossil Group, Inc.",branded,2010-03-31,success,2011-04-09 03:00:00+03:00,2026-01-24 02:00:00+02:00,773,
tory burch,trustpilot,"Fossil Group, Inc.",branded,2010-03-31,success,2011-04-09 03:00:00+03:00,2026-01-24 02:00:00+02:00,773,
puma,american eagle outfitters,"Fossil Group, Inc.",branded,2010-03-31,success,2011-04-09 03:00:00+03:00,2026-01-24 02:00:00+02:00,773,
funko,mister car wash,"Funko, Inc.",branded,2017-09-30,success,2011-04-09 03:00:00+03:00,2026-01-24 02:00:00+02:00,773,
funko pop!,card factory,"Funko, Inc.",branded,2017-09-30,success,2011-04-09 03:00:00+03:00,2026-01-24 02:00:00+02:00,773,
loungefly,under armour,"Funko, Inc.",branded,2017-09-30,success,2011-04-09 03:00:00+03:00,2026-01-24 02:00:00+02:00,773,
funko games,boot barn,"Funko, Inc.",branded,2017-09-30,success,2011-04-09 03:00:00+03:00,2026-01-24 02:00:00+02:00,773,
pint size heroes,mister car wash,"Funko, Inc.",branded,2017-09-30,success,2011-04-09 03:00:00+03:00,2026-01-24 02:00:00+02:00,773,
dorbz,american eagle outfitters,"Funko, Inc.",branded,2017-09-30,success,2011-04-09 03:00:00+03:00,2026-01-24 02:00:00+02:00,773,
funko soda,american eagle outfitters,"Funko, Inc.",branded,2017-09-30,success,2011-04-09 03:00:00+03:00,2026-01-24 02:00:00+02:00,773,
funko gold,card factory,"Funko, Inc.",branded,2017-09-30,success,2011-04-09 03:00:00+03:00,2026-01-24 02:00:00+02:00,773,
mystery minis,card factory,"Funko, Inc.",branded,2017-09-30,success,2011-04-09 03:00:00+03:00,2026-01-24 02:00:00+02:00,773,
funko bitty pop!,card factory,"Funko, Inc.",branded,2017-09-30,success,2011-04-09 03:00:00+03:00,2026-01-24 02:00:00+02:00,773,
digital pop!,card factory,"Funko, Inc.",branded,2017-09-30,success,2011-04-09 03:00:00+03:00,2026-01-24 02:00:00+02:00,773,
flexsteel,webjet,"Flexsteel Industries, Inc.",branded,2010-03-31,success,2011-04-09 03:00:00+03:00,2026-01-24 02:00:00+02:00,773,
homestyles,answear,"Flexsteel Industries, Inc.",branded,2010-03-31,success,2011-04-09 03:00:00+03:00,2026-01-24 02:00:00+02:00,773,
tollbooth,sandro,"Flexsteel Industries, Inc.",branded,2010-03-31,success,2011-04-09 03:00:00+03:00,2026-01-24 02:00:00+02:00,773,
1-800-flowers.com,american eagle outfitters,"1-800-FLOWERS.COM, Inc.",branded,2010-03-31,success,2011-04-09 03:00:00+03:00,2026-01-24 02:00:00+02:00,773,
harry & david,american eagle outfitters,"1-800-FLOWERS.COM, Inc.",branded,2010-03-31,success,2011-04-09 03:00:00+03:00,2026-01-24 02:00:00+02:00,773,
cheryl's cookies,boot barn,"1-800-FLOWERS.COM, Inc.",branded,2010-03-31,success,2011-04-09 03:00:00+03:00,2026-01-24 02:00:00+02:00,773,
the popcorn factory,card factory,"1-800-FLOWERS.COM, Inc.",branded,2010-03-31,success,2011-04-09 03:00:00+03:00,2026-01-24 02:00:00+02:00,773,
fannie may,answear,"1-800-FLOWERS.COM, Inc.",branded,2010-03-31,success,2011-04-09 03:00:00+03:00,2026-01-24 02:00:00+02:00,773,
wolferman's bakery,mister car wash,"1-800-FLOWERS.COM, Inc.",branded,2010-03-31,success,2011-04-09 03:00:00+03:00,2026-01-24 02:00:00+02:00,773,
personalizationmall.com,card factory,"1-800-FLOWERS.COM, Inc.",branded,2010-03-31,success,2011-04-09 03:00:00+03:00,2026-01-24 02:00:00+02:00,773,
shari's berries,sandro,"1-800-FLOWERS.COM, Inc.",branded,2010-03-31,success,2011-04-09 03:00:00+03:00,2026-01-24 02:00:00+02:00,773,
simply chocolate,american eagle outfitters,"1-800-FLOWERS.COM, Inc.",branded,2010-03-31,success,2011-04-09 03:00:00+03:00,2026-01-24 02:00:00+02:00,773,
vitacost,under armour,"1-800-FLOWERS.COM, Inc.",branded,2010-03-31,success,2011-04-09 03:00:00+03:00,2026-01-24 02:00:00+02:00,773,
alice's table,trustpilot,"1-800-FLOWERS.COM, Inc.",branded,2010-03-31,success,2016-03-05 02:00:00+02:00,2026-01-24 02:00:00+02:00,517,
silver slipper casino hotel,boot barn,"Full House Resorts, Inc.",branded,2010-03-31,success,2011-04-09 03:00:00+03:00,2026-01-24 02:00:00+02:00,773,
bronco billy's casino and hotel,webjet,"Full House Resorts, Inc.",branded,2010-03-31,success,2021-01-30 02:00:00+02:00,2026-01-24 02:00:00+02:00,261,
chamonix casino hotel,sandro,"Full House Resorts, Inc.",branded,2010-03-31,success,2021-01-30 02:00:00+02:00,2026-01-24 02:00:00+02:00,261,
rising star casino resort,webjet,"Full House Resorts, Inc.",branded,2010-03-31,success,2011-04-09 03:00:00+03:00,2026-01-24 02:00:00+02:00,773,
grand lodge casino,mister car wash,"Full House Resorts, Inc.",branded,2010-03-31,success,2011-04-09 03:00:00+03:00,2026-01-24 02:00:00+02:00,773,
stockman's casino,sandro,"Full House Resorts, Inc.",branded,2010-03-31,success,2016-03-05 02:00:00+02:00,2026-01-24 02:00:00+02:00,517,
ftai infrastructure inc.,sandro,FTAI Infrastructure Inc.,branded,2022-06-30,success,2011-04-09 03:00:00+03:00,2026-01-24 02:00:00+02:00,773,
fortress transportation and infrastructure investors llc,webjet,FTAI Infrastructure Inc.,branded,2022-06-30,NOT_NORMALIZED,,,0,No data for fortress transportation and infrastructure investors llc in window 1
jefferson energy companies,webjet,FTAI Infrastructure Inc.,branded,2022-06-30,success,2011-04-09 03:00:00+03:00,2026-01-24 02:00:00+02:00,773,
long ridge energy terminal,answear,FTAI Infrastructure Inc.,branded,2022-06-30,success,2011-04-09 03:00:00+03:00,2026-01-24 02:00:00+02:00,773,
republica port services,webjet,FTAI Infrastructure Inc.,branded,2022-06-30,success,2021-01-30 02:00:00+02:00,2026-01-24 02:00:00+02:00,261,
transtar,sandro,FTAI Infrastructure Inc.,branded,2022-06-30,success,2011-04-09 03:00:00+03:00,2026-01-24 02:00:00+02:00,773,
european wax center,american eagle outfitters,"European Wax Center, Inc.",branded,2021-03-31,success,2011-04-09 03:00:00+03:00,2026-01-24 02:00:00+02:00,773,
stiga,boot barn,"Escalade, Incorporated",branded,2010-03-31,success,2011-04-09 03:00:00+03:00,2026-01-24 02:00:00+02:00,773,
goalrilla,american eagle outfitters,"Escalade, Incorporated",branded,2010-03-31,success,2011-04-09 03:00:00+03:00,2026-01-24 02:00:00+02:00,773,
goaliath,american eagle outfitters,"Escalade, Incorporated",branded,2010-03-31,success,2011-04-09 03:00:00+03:00,2026-01-24 02:00:00+02:00,773,
brunswick billiards,american eagle outfitters,"Escalade, Incorporated",branded,2010-03-31,success,2011-04-09 03:00:00+03:00,2026-01-24 02:00:00+02:00,773,
ping pong,card factory,"Escalade, Incorporated",branded,2010-03-31,success,2011-04-09 03:00:00+03:00,2026-01-24 02:00:00+02:00,773,
prince,american eagle outfitters,"Escalade, Incorporated",branded,2010-03-31,success,2011-04-09 03:00:00+03:00,2026-01-24 02:00:00+02:00,773,
atomic,mister car wash,"Escalade, Incorporated",branded,2010-03-31,success,2011-04-09 03:00:00+03:00,2026-01-24 02:00:00+02:00,773,
harvard,answear,"Escalade, Incorporated",branded,2010-03-31,success,2011-04-09 03:00:00+03:00,2026-01-24 02:00:00+02:00,773,
triumph sports,american eagle outfitters,"Escalade, Incorporated",branded,2010-03-31,success,2011-04-09 03:00:00+03:00,2026-01-24 02:00:00+02:00,773,
woodplay,webjet,"Escalade, Incorporated",branded,2010-03-31,success,2011-04-09 03:00:00+03:00,2026-01-24 02:00:00+02:00,773,
cue & case,webjet,"Escalade, Incorporated",branded,2010-03-31,success,2011-04-09 03:00:00+03:00,2026-01-24 02:00:00+02:00,773,
play n pack,card factory,"Escalade, Incorporated",branded,2010-03-31,success,2011-04-09 03:00:00+03:00,2026-01-24 02:00:00+02:00,773,
american heritage billiards,webjet,"Escalade, Incorporated",branded,2010-03-31,success,2011-04-09 03:00:00+03:00,2026-01-24 02:00:00+02:00,773,
ebonite,sandro,"Escalade, Incorporated",branded,2010-03-31,success,2011-04-09 03:00:00+03:00,2026-01-24 02:00:00+02:00,773,
hammer,answear,"Escalade, Incorporated",branded,2010-03-31,success,2011-04-09 03:00:00+03:00,2026-01-24 02:00:00+02:00,773,
columbia 300,american eagle outfitters,"Escalade, Incorporated",branded,2010-03-31,success,2011-04-09 03:00:00+03:00,2026-01-24 02:00:00+02:00,773,
track,trustpilot,"Escalade, Incorporated",branded,2010-03-31,success,2011-04-09 03:00:00+03:00,2026-01-24 02:00:00+02:00,773,
radical,boot barn,"Escalade, Incorporated",branded,2010-03-31,success,2011-04-09 03:00:00+03:00,2026-01-24 02:00:00+02:00,773,
lifesmart,boot barn,"Escalade, Incorporated",branded,2010-03-31,success,2011-04-09 03:00:00+03:00,2026-01-24 02:00:00+02:00,773,
victory tailgate,card factory,"Escalade, Incorporated",branded,2010-03-31,success,2011-04-09 03:00:00+03:00,2026-01-24 02:00:00+02:00,773,
california house,card factory,"Escalade, Incorporated",branded,2010-03-31,success,2011-04-09 03:00:00+03:00,2026-01-24 02:00:00+02:00,773,
destination xl,boot barn,"Destination XL Group, Inc.",branded,2010-01-31,success,2011-04-09 03:00:00+03:00,2026-01-24 02:00:00+02:00,773,
casual male xl,boot barn,"Destination XL Group, Inc.",branded,2010-01-31,success,2011-04-09 03:00:00+03:00,2026-01-24 02:00:00+02:00,773,
rochester big tall,webjet,"Destination XL Group, Inc.",branded,2010-01-31,success,2011-04-09 03:00:00+03:00,2026-01-24 02:00:00+02:00,773,
shoesxl,card factory,"Destination XL Group, Inc.",branded,2010-01-31,NOT_NORMALIZED,,,0,No data for shoesxl in window 1
livingxl,answear,"Destination XL Group, Inc.",branded,2010-01-31,success,2011-04-09 03:00:00+03:00,2026-01-24 02:00:00+02:00,773,
westport big tall,webjet,"Destination XL Group, Inc.",branded,2010-01-31,success,2011-04-09 03:00:00+03:00,2026-01-24 02:00:00+02:00,773,
maaco,trustpilot,Driven Brands Holdings Inc.,branded,2020-09-30,success,2011-04-09 03:00:00+03:00,2026-01-24 02:00:00+02:00,773,
meineke,boot barn,Driven Brands Holdings Inc.,branded,2020-09-30,success,2011-04-09 03:00:00+03:00,2026-01-24 02:00:00+02:00,773,
take 5 oil change,card factory,Driven Brands Holdings Inc.,branded,2020-09-30,success,2011-04-09 03:00:00+03:00,2026-01-24 02:00:00+02:00,773,
carstar,boot barn,Driven Brands Holdings Inc.,branded,2020-09-30,success,2011-04-09 03:00:00+03:00,2026-01-24 02:00:00+02:00,773,
"merlin 200,000 mile shops",under armour,Driven Brands Holdings Inc.,branded,2020-09-30,success,2011-04-09 03:00:00+03:00,2026-01-24 02:00:00+02:00,773,
pro oil change,sandro,Driven Brands Holdings Inc.,branded,2020-09-30,success,2011-04-09 03:00:00+03:00,2026-01-24 02:00:00+02:00,773,
econo lube n' tune,card factory,Driven Brands Holdings Inc.,branded,2020-09-30,success,2016-03-05 02:00:00+02:00,2026-01-24 02:00:00+02:00,517,
spiffy,american eagle outfitters,Driven Brands Holdings Inc.,branded,2020-09-30,success,2011-04-09 03:00:00+03:00,2026-01-24 02:00:00+02:00,773,
abra auto body & glass,trustpilot,Driven Brands Holdings Inc.,branded,2020-09-30,success,2011-04-09 03:00:00+03:00,2026-01-24 02:00:00+02:00,773,
fix auto usa,webjet,Driven Brands Holdings Inc.,branded,2020-09-30,success,2011-04-09 03:00:00+03:00,2026-01-24 02:00:00+02:00,773,
kwik-fit,answear,Driven Brands Holdings Inc.,branded,2020-09-30,success,2011-04-09 03:00:00+03:00,2026-01-24 02:00:00+02:00,773,
auto glass now,boot barn,Driven Brands Holdings Inc.,branded,2020-09-30,success,2011-04-09 03:00:00+03:00,2026-01-24 02:00:00+02:00,773,
dogness,card factory,Dogness (International) Corporation,branded,2021-09-30,success,2011-04-09 03:00:00+03:00,2026-01-24 02:00:00+02:00,773,
draftkings,answear,DraftKings Inc.,branded,2019-12-31,success,2011-04-09 03:00:00+03:00,2026-01-24 02:00:00+02:00,773,
golden nugget online gaming,sandro,DraftKings Inc.,branded,2019-12-31,success,2016-03-05 02:00:00+02:00,2026-01-24 02:00:00+02:00,517,
denny's,trustpilot,Denny's Corporation,branded,2010-03-31,success,2011-04-09 03:00:00+03:00,2026-01-24 02:00:00+02:00,773,
keke's breakfast cafe,mister car wash,Denny's Corporation,branded,2010-03-31,success,2011-04-09 03:00:00+03:00,2026-01-24 02:00:00+02:00,773,
dstld,boot barn,"Digital Brands Group, Inc.",branded,2010-01-31,success,2011-04-09 03:00:00+03:00,2026-01-24 02:00:00+02:00,773,
bailey44,mister car wash,"Digital Brands Group, Inc.",branded,2010-01-31,failed,,,0,"Oxylabs API error: 204 (x-oxylabs-job-id=7421199718446806017) | keyword='bailey44', date_from='2011-04-05', date_to='2016-04-04' | No Content"
sundry,webjet,"Digital Brands Group, Inc.",branded,2010-01-31,success,2011-04-09 03:00:00+03:00,2026-01-24 02:00:00+02:00,773,
stateside,under armour,"Digital Brands Group, Inc.",branded,2010-01-31,success,2011-04-09 03:00:00+03:00,2026-01-24 02:00:00+02:00,773,
frankie rose,card factory,"Digital Brands Group, Inc.",branded,2010-01-31,success,2011-04-09 03:00:00+03:00,2026-01-24 02:00:00+02:00,773,
curiositystream,sandro,CuriosityStream Inc.,branded,2020-09-30,success,2011-04-09 03:00:00+03:00,2026-01-24 02:00:00+02:00,773,
citi trends,card factory,"Citi Trends, Inc.",branded,2010-01-31,success,2011-04-09 03:00:00+03:00,2026-01-24 02:00:00+02:00,773,
crocs,trustpilot,"Crocs, Inc.",branded,2010-03-31,success,2011-04-09 03:00:00+03:00,2026-01-24 02:00:00+02:00,773,
jibbitz,boot barn,"Crocs, Inc.",branded,2010-03-31,success,2011-04-09 03:00:00+03:00,2026-01-24 02:00:00+02:00,773,
heydude,answear,"Crocs, Inc.",branded,2010-03-31,success,2011-04-09 03:00:00+03:00,2026-01-24 02:00:00+02:00,773,
canterbury park,sandro,Canterbury Park Holding Corporation,branded,2010-01-31,success,2011-04-09 03:00:00+03:00,2026-01-24 02:00:00+02:00,773,
columbia,under armour,Columbia Sportswear Company,branded,2010-03-31,success,2011-04-09 03:00:00+03:00,2026-01-24 02:00:00+02:00,773,
sorel,sandro,Columbia Sportswear Company,branded,2010-03-31,success,2011-04-09 03:00:00+03:00,2026-01-24 02:00:00+02:00,773,
mountain hardwear,sandro,Columbia Sportswear Company,branded,2010-03-31,success,2011-04-09 03:00:00+03:00,2026-01-24 02:00:00+02:00,773,
prana,under armour,Columbia Sportswear Company,branded,2010-03-31,success,2011-04-09 03:00:00+03:00,2026-01-24 02:00:00+02:00,773,
black diamond equipment,answear,Clarus Corporation,branded,2010-06-30,success,2011-04-09 03:00:00+03:00,2026-01-24 02:00:00+02:00,773,
ortovox,webjet,Clarus Corporation,branded,2010-06-30,success,2011-04-09 03:00:00+03:00,2026-01-24 02:00:00+02:00,773,
pieps,trustpilot,Clarus Corporation,branded,2010-06-30,success,2011-04-09 03:00:00+03:00,2026-01-24 02:00:00+02:00,773,
poc,american eagle outfitters,Clarus Corporation,branded,2010-06-30,success,2011-04-09 03:00:00+03:00,2026-01-24 02:00:00+02:00,773,
sierra bullets,sandro,Clarus Corporation,branded,2010-06-30,success,2011-04-09 03:00:00+03:00,2026-01-24 02:00:00+02:00,773,
barnes bullets,mister car wash,Clarus Corporation,branded,2010-06-30,success,2011-04-09 03:00:00+03:00,2026-01-24 02:00:00+02:00,773,
rhino-rack,under armour,Clarus Corporation,branded,2010-06-30,success,2011-04-09 03:00:00+03:00,2026-01-24 02:00:00+02:00,773,
maier sports,answear,Clarus Corporation,branded,2010-06-30,success,2011-04-09 03:00:00+03:00,2026-01-24 02:00:00+02:00,773,
gonso,mister car wash,Clarus Corporation,branded,2010-06-30,failed,,,0,"Oxylabs API error: 204 (x-oxylabs-job-id=7421202135288683521) | keyword='gonso', date_from='2021-01-25', date_to='2026-01-24' | No Content"
churchill downs,sandro,"Churchill Downs, Incorporated",branded,2010-03-31,success,2011-04-09 03:00:00+03:00,2026-01-24 02:00:00+02:00,773,
kentucky derby,american eagle outfitters,"Churchill Downs, Incorporated",branded,2010-03-31,success,2011-04-09 03:00:00+03:00,2026-01-24 02:00:00+02:00,773,
kentucky oaks,boot barn,"Churchill Downs, Incorporated",branded,2010-03-31,success,2011-04-09 03:00:00+03:00,2026-01-24 02:00:00+02:00,773,
twinspires,card factory,"Churchill Downs, Incorporated",branded,2010-03-31,success,2011-04-09 03:00:00+03:00,2026-01-24 02:00:00+02:00,773,
betamerica,answear,"Churchill Downs, Incorporated",branded,2010-03-31,success,2011-04-09 03:00:00+03:00,2026-01-24 02:00:00+02:00,773,
fair grounds race course & slots,mister car wash,"Churchill Downs, Incorporated",branded,2010-03-31,success,2011-04-09 03:00:00+03:00,2026-01-24 02:00:00+02:00,773,
derby city gaming,under armour,"Churchill Downs, Incorporated",branded,2010-03-31,success,2016-03-05 02:00:00+02:00,2026-01-24 02:00:00+02:00,517,
turfway park,webjet,"Churchill Downs, Incorporated",branded,2010-03-31,success,2011-04-09 03:00:00+03:00,2026-01-24 02:00:00+02:00,773,
ellis park,under armour,"Churchill Downs, Incorporated",branded,2010-03-31,success,2011-04-09 03:00:00+03:00,2026-01-24 02:00:00+02:00,773,
oak grove racing gaming & hotel,mister car wash,"Churchill Downs, Incorporated",branded,2010-03-31,success,2011-04-09 03:00:00+03:00,2026-01-24 02:00:00+02:00,773,
presque isle downs & casino,trustpilot,"Churchill Downs, Incorporated",branded,2010-03-31,success,2021-01-30 02:00:00+02:00,2026-01-24 02:00:00+02:00,261,
miami valley gaming,american eagle outfitters,"Churchill Downs, Incorporated",branded,2010-03-31,success,2011-04-09 03:00:00+03:00,2026-01-24 02:00:00+02:00,773,
calder casino,under armour,"Churchill Downs, Incorporated",branded,2010-03-31,success,2011-04-09 03:00:00+03:00,2026-01-24 02:00:00+02:00,773,
oxford casino hotel,american eagle outfitters,"Churchill Downs, Incorporated",branded,2010-03-31,success,2011-04-09 03:00:00+03:00,2026-01-24 02:00:00+02:00,773,
codere,boot barn,"Codere Online Luxembourg, S.A.",branded,2021-12-31,success,2011-04-09 03:00:00+03:00,2026-01-24 02:00:00+02:00,773,
cracker barrel old country store,answear,"Cracker Barrel Old Country Store, Inc.",branded,2013-10-31,success,2011-04-09 03:00:00+03:00,2026-01-24 02:00:00+02:00,773,
maple street biscuit company,american eagle outfitters,"Cracker Barrel Old Country Store, Inc.",branded,2013-10-31,success,2011-04-09 03:00:00+03:00,2026-01-24 02:00:00+02:00,773,
the pancake kitchen by cracker barrel,webjet,"Cracker Barrel Old Country Store, Inc.",branded,2013-10-31,success,2016-03-05 02:00:00+02:00,2026-01-24 02:00:00+02:00,517,
cracker barrel kitchen,mister car wash,"Cracker Barrel Old Country Store, Inc.",branded,2013-10-31,success,2011-04-09 03:00:00+03:00,2026-01-24 02:00:00+02:00,773,
the cheesecake factory,american eagle outfitters,The Cheesecake Factory Incorporated,branded,2013-09-30,success,2011-04-09 03:00:00+03:00,2026-01-24 02:00:00+02:00,773,
grand lux cafe,card factory,The Cheesecake Factory Incorporated,branded,2013-09-30,success,2011-04-09 03:00:00+03:00,2026-01-24 02:00:00+02:00,773,
rocksugar southeast asian kitchen,sandro,The Cheesecake Factory Incorporated,branded,2013-09-30,NOT_NORMALIZED,,,0,No data for rocksugar southeast asian kitchen in window 1
north italia,card factory,The Cheesecake Factory Incorporated,branded,2013-09-30,success,2011-04-09 03:00:00+03:00,2026-01-24 02:00:00+02:00,773,
flower child,trustpilot,The Cheesecake Factory Incorporated,branded,2013-09-30,success,2011-04-09 03:00:00+03:00,2026-01-24 02:00:00+02:00,773,
social monk asian kitchen,under armour,The Cheesecake Factory Incorporated,branded,2013-09-30,NOT_NORMALIZED,,,0,No data for social monk asian kitchen in window 1
baozun,answear,"Baozun, Inc. Sponsored ADR Class ADR",branded,2015-06-30,success,2011-04-09 03:00:00+03:00,2026-01-24 02:00:00+02:00,773,
bassett furniture,answear,"Bassett Furniture Industries, Incorporated",branded,2013-05-31,success,2011-04-09 03:00:00+03:00,2026-01-24 02:00:00+02:00,773,
lane furniture,sandro,"Bassett Furniture Industries, Incorporated",branded,2013-05-31,success,2011-04-09 03:00:00+03:00,2026-01-24 02:00:00+02:00,773,
hgtv home design studio by bassett,card factory,"Bassett Furniture Industries, Incorporated",branded,2013-05-31,NOT_NORMALIZED,,,0,No data for hgtv home design studio by bassett in window 1
beachbody,sandro,"The Beachbody Company, Inc.",branded,2021-03-31,success,2011-04-09 03:00:00+03:00,2026-01-24 02:00:00+02:00,773,
bodi,mister car wash,"The Beachbody Company, Inc.",branded,2021-03-31,success,2011-04-09 03:00:00+03:00,2026-01-24 02:00:00+02:00,773,
shakeology,webjet,"The Beachbody Company, Inc.",branded,2021-03-31,failed,,,0,"Oxylabs API error: 204 (x-oxylabs-job-id=7421205618641372161) | keyword='shakeology', date_from='2011-04-05', date_to='2016-04-04' | No Content"
p90x,sandro,"The Beachbody Company, Inc.",branded,2021-03-31,success,2011-04-09 03:00:00+03:00,2026-01-24 02:00:00+02:00,773,
insanity,answear,"The Beachbody Company, Inc.",branded,2021-03-31,success,2011-04-09 03:00:00+03:00,2026-01-24 02:00:00+02:00,773,
21 day fix,sandro,"The Beachbody Company, Inc.",branded,2021-03-31,success,2011-04-09 03:00:00+03:00,2026-01-24 02:00:00+02:00,773,
portion fix,mister car wash,"The Beachbody Company, Inc.",branded,2021-03-31,success,2011-04-09 03:00:00+03:00,2026-01-24 02:00:00+02:00,773,
2b mindset,card factory,"The Beachbody Company, Inc.",branded,2021-03-31,success,2011-04-09 03:00:00+03:00,2026-01-24 02:00:00+02:00,773,
outback steakhouse,answear,"Bloomin' Brands, Inc.",branded,2012-09-30,success,2011-04-09 03:00:00+03:00,2026-01-24 02:00:00+02:00,773,
carrabba's italian grill,american eagle outfitters,"Bloomin' Brands, Inc.",branded,2012-09-30,success,2011-04-09 03:00:00+03:00,2026-01-24 02:00:00+02:00,773,
bonefish grill,sandro,"Bloomin' Brands, Inc.",branded,2012-09-30,success,2011-04-09 03:00:00+03:00,2026-01-24 02:00:00+02:00,773,
fleming's prime steakhouse & wine bar,answear,"Bloomin' Brands, Inc.",branded,2012-09-30,success,2011-04-09 03:00:00+03:00,2026-01-24 02:00:00+02:00,773,
aussie grill by outback,mister car wash,"Bloomin' Brands, Inc.",branded,2012-09-30,success,2011-04-09 03:00:00+03:00,2026-01-24 02:00:00+02:00,773,
bj's restaurant & brewhouse,card factory,"BJ's Restaurants, Inc.",branded,2010-03-31,success,2011-04-09 03:00:00+03:00,2026-01-24 02:00:00+02:00,773,
atlanta braves,mister car wash,"Atlanta Braves Holdings, Inc. - Series A",branded,2016-09-30,success,2011-04-09 03:00:00+03:00,2026-01-24 02:00:00+02:00,773,
truist park,american eagle outfitters,"Atlanta Braves Holdings, Inc. - Series A",branded,2016-09-30,success,2016-03-05 02:00:00+02:00,2026-01-24 02:00:00+02:00,517,
the battery atlanta,under armour,"Atlanta Braves Holdings, Inc. - Series A",branded,2016-09-30,success,2011-04-09 03:00:00+03:00,2026-01-24 02:00:00+02:00,773,
american military university,boot barn,"American Public Education, Inc.",branded,2010-03-31,success,2011-04-09 03:00:00+03:00,2026-01-24 02:00:00+02:00,773,
american public university,trustpilot,"American Public Education, Inc.",branded,2010-03-31,success,2011-04-09 03:00:00+03:00,2026-01-24 02:00:00+02:00,773,
hondros college of nursing,sandro,"American Public Education, Inc.",branded,2010-03-31,success,2011-04-09 03:00:00+03:00,2026-01-24 02:00:00+02:00,773,
rasmussen university,american eagle outfitters,"American Public Education, Inc.",branded,2010-03-31,success,2011-04-09 03:00:00+03:00,2026-01-24 02:00:00+02:00,773,
graduate school usa,card factory,"American Public Education, Inc.",branded,2010-03-31,success,2011-04-09 03:00:00+03:00,2026-01-24 02:00:00+02:00,773,
smith & wesson,trustpilot,"American Outdoor Brands, Inc.",branded,2020-07-31,success,2011-04-09 03:00:00+03:00,2026-01-24 02:00:00+02:00,773,
thompson/center arms,mister car wash,"American Outdoor Brands, Inc.",branded,2020-07-31,success,2011-04-09 03:00:00+03:00,2026-01-24 02:00:00+02:00,773,
caldwell,mister car wash,"American Outdoor Brands, Inc.",branded,2020-07-31,failed,,,0,"HTTPSConnectionPool(host='realtime.oxylabs.io', port=443): Read timed out. (read timeout=60)"
wheeler,card factory,"American Outdoor Brands, Inc.",branded,2020-07-31,success,2011-04-09 03:00:00+03:00,2026-01-24 02:00:00+02:00,773,
tipton,answear,"American Outdoor Brands, Inc.",branded,2020-07-31,success,2011-04-09 03:00:00+03:00,2026-01-24 02:00:00+02:00,773,
frankford arsenal,card factory,"American Outdoor Brands, Inc.",branded,2020-07-31,success,2011-04-09 03:00:00+03:00,2026-01-24 02:00:00+02:00,773,
bog,answear,"American Outdoor Brands, Inc.",branded,2020-07-31,success,2011-04-09 03:00:00+03:00,2026-01-24 02:00:00+02:00,773,
crimson trace,under armour,"American Outdoor Brands, Inc.",branded,2020-07-31,success,2011-04-09 03:00:00+03:00,2026-01-24 02:00:00+02:00,773,
schrade,trustpilot,"American Outdoor Brands, Inc.",branded,2020-07-31,success,2011-04-09 03:00:00+03:00,2026-01-24 02:00:00+02:00,773,
old timer,card factory,"American Outdoor Brands, Inc.",branded,2020-07-31,success,2011-04-09 03:00:00+03:00,2026-01-24 02:00:00+02:00,773,
uncle henry,trustpilot,"American Outdoor Brands, Inc.",branded,2020-07-31,success,2011-04-09 03:00:00+03:00,2026-01-24 02:00:00+02:00,773,
ultimate survival technologies,sandro,"American Outdoor Brands, Inc.",branded,2020-07-31,success,2011-04-09 03:00:00+03:00,2026-01-24 02:00:00+02:00,773,
bubba,trustpilot,"American Outdoor Brands, Inc.",branded,2020-07-31,success,2011-04-09 03:00:00+03:00,2026-01-24 02:00:00+02:00,773,
m&p,american eagle outfitters,"American Outdoor Brands, Inc.",branded,2020-07-31,success,2011-04-09 03:00:00+03:00,2026-01-24 02:00:00+02:00,773,
laserlyte,card factory,"American Outdoor Brands, Inc.",branded,2020-07-31,success,2011-04-09 03:00:00+03:00,2026-01-24 02:00:00+02:00,773,
grilla grills,card factory,"American Outdoor Brands, Inc.",branded,2020-07-31,success,2011-04-09 03:00:00+03:00,2026-01-24 02:00:00+02:00,773,
meat! your maker,boot barn,"American Outdoor Brands, Inc.",branded,2020-07-31,success,2011-04-09 03:00:00+03:00,2026-01-24 02:00:00+02:00,773,
china xd plastics company limited,boot barn,Akso Health Group Sponsored ADRDR,branded,2017-12-31,success,2021-01-30 02:00:00+02:00,2026-01-24 02:00:00+02:00,261,
akso health group,boot barn,Akso Health Group Sponsored ADRDR,branded,2017-12-31,success,2021-01-30 02:00:00+02:00,2026-01-24 02:00:00+02:00,261,
aureus mining inc.,mister car wash,Aureus Greenway Holdings Inc.,branded,2010-01-31,failed,,,0,"Oxylabs API error: 204 (x-oxylabs-job-id=7421210160221164545) | keyword='aureus mining inc.', date_from='2021-01-25', date_to='2026-01-24' | No Content"
illow,boot barn,"illow Group, Inc.",branded,2013-09-30,success,2011-04-09 03:00:00+03:00,2026-01-24 02:00:00+02:00,773,
makemytrip,answear,MakeMyTrip Limited,branded,2010-09-30,success,2011-04-09 03:00:00+03:00,2026-01-24 02:00:00+02:00,773,
goibibo,trustpilot,MakeMyTrip Limited,branded,2010-09-30,success,2011-04-09 03:00:00+03:00,2026-01-24 02:00:00+02:00,773,
redbus,american eagle outfitters,MakeMyTrip Limited,branded,2010-09-30,success,2011-04-09 03:00:00+03:00,2026-01-24 02:00:00+02:00,773,
tripmoney,sandro,MakeMyTrip Limited,branded,2010-09-30,success,2016-03-05 02:00:00+02:00,2026-01-24 02:00:00+02:00,517,
matchcom,trustpilot,"Match Group, Inc.",branded,2015-12-31,success,2011-04-09 03:00:00+03:00,2026-01-24 02:00:00+02:00,773,
okcupid,under armour,"Match Group, Inc.",branded,2015-12-31,success,2011-04-09 03:00:00+03:00,2026-01-24 02:00:00+02:00,773,
tinder,boot barn,"Match Group, Inc.",branded,2015-12-31,success,2011-04-09 03:00:00+03:00,2026-01-24 02:00:00+02:00,773,
plentyoffish,webjet,"Match Group, Inc.",branded,2015-12-31,success,2011-04-09 03:00:00+03:00,2026-01-24 02:00:00+02:00,773,
meetic,under armour,"Match Group, Inc.",branded,2015-12-31,success,2011-04-09 03:00:00+03:00,2026-01-24 02:00:00+02:00,773,
ourtime,mister car wash,"Match Group, Inc.",branded,2015-12-31,success,2011-04-09 03:00:00+03:00,2026-01-24 02:00:00+02:00,773,
blackpeoplemeet,american eagle outfitters,"Match Group, Inc.",branded,2015-12-31,success,2011-04-09 03:00:00+03:00,2026-01-24 02:00:00+02:00,773,
hinge,card factory,"Match Group, Inc.",branded,2015-12-31,success,2011-04-09 03:00:00+03:00,2026-01-24 02:00:00+02:00,773,
chispa,under armour,"Match Group, Inc.",branded,2015-12-31,success,2011-04-09 03:00:00+03:00,2026-01-24 02:00:00+02:00,773,
blk,under armour,"Match Group, Inc.",branded,2015-12-31,success,2011-04-09 03:00:00+03:00,2026-01-24 02:00:00+02:00,773,
hawaya,card factory,"Match Group, Inc.",branded,2015-12-31,success,2011-04-09 03:00:00+03:00,2026-01-24 02:00:00+02:00,773,
stir,boot barn,"Match Group, Inc.",branded,2015-12-31,success,2011-04-09 03:00:00+03:00,2026-01-24 02:00:00+02:00,773,
the league,american eagle outfitters,"Match Group, Inc.",branded,2015-12-31,success,2011-04-09 03:00:00+03:00,2026-01-24 02:00:00+02:00,773,
azar,card factory,"Match Group, Inc.",branded,2015-12-31,success,2011-04-09 03:00:00+03:00,2026-01-24 02:00:00+02:00,773,
hakuna live,mister car wash,"Match Group, Inc.",branded,2015-12-31,success,2011-04-09 03:00:00+03:00,2026-01-24 02:00:00+02:00,773,
rumble,trustpilot,Rumble Inc.,branded,2022-06-30,success,2011-04-09 03:00:00+03:00,2026-01-24 02:00:00+02:00,773,
locals,mister car wash,Rumble Inc.,branded,2022-06-30,success,2011-04-09 03:00:00+03:00,2026-01-24 02:00:00+02:00,773,
callin,boot barn,Rumble Inc.,branded,2022-06-30,success,2011-04-09 03:00:00+03:00,2026-01-24 02:00:00+02:00,773,
weshop,answear,WeShop Holdings Limited,branded,2010-01-31,success,2011-04-09 03:00:00+03:00,2026-01-24 02:00:00+02:00,773,
iqiyi,under armour,"iQIYI, Inc. Sponsored ADR Class ADR",branded,2018-03-31,success,2011-04-09 03:00:00+03:00,2026-01-24 02:00:00+02:00,773,
webtoon,webjet,WEBTOON Entertainment Inc.,branded,2024-06-30,success,2011-04-09 03:00:00+03:00,2026-01-24 02:00:00+02:00,773,
wattpad,answear,WEBTOON Entertainment Inc.,branded,2024-06-30,success,2011-04-09 03:00:00+03:00,2026-01-24 02:00:00+02:00,773,
pcmag,american eagle outfitters,"Ziff Davis, Inc.",branded,2010-03-31,success,2011-04-09 03:00:00+03:00,2026-01-24 02:00:00+02:00,773,
ign,under armour,"Ziff Davis, Inc.",branded,2010-03-31,success,2011-04-09 03:00:00+03:00,2026-01-24 02:00:00+02:00,773,
askmen,boot barn,"Ziff Davis, Inc.",branded,2010-03-31,success,2011-04-09 03:00:00+03:00,2026-01-24 02:00:00+02:00,773,
speedtest by ookla,trustpilot,"Ziff Davis, Inc.",branded,2010-03-31,success,2011-04-09 03:00:00+03:00,2026-01-24 02:00:00+02:00,773,
mashable,sandro,"Ziff Davis, Inc.",branded,2010-03-31,success,2011-04-09 03:00:00+03:00,2026-01-24 02:00:00+02:00,773,
everyday health,mister car wash,"Ziff Davis, Inc.",branded,2010-03-31,success,2011-04-09 03:00:00+03:00,2026-01-24 02:00:00+02:00,773,
what to expect,mister car wash,"Ziff Davis, Inc.",branded,2010-03-31,success,2011-04-09 03:00:00+03:00,2026-01-24 02:00:00+02:00,773,
medpage today,answear,"Ziff Davis, Inc.",branded,2010-03-31,success,2011-04-09 03:00:00+03:00,2026-01-24 02:00:00+02:00,773,
retailmenot,boot barn,"Ziff Davis, Inc.",branded,2010-03-31,success,2011-04-09 03:00:00+03:00,2026-01-24 02:00:00+02:00,773,
offers.com,trustpilot,"Ziff Davis, Inc.",branded,2010-03-31,success,2011-04-09 03:00:00+03:00,2026-01-24 02:00:00+02:00,773,
spiceworks,american eagle outfitters,"Ziff Davis, Inc.",branded,2010-03-31,success,2011-04-09 03:00:00+03:00,2026-01-24 02:00:00+02:00,773,
moz,american eagle outfitters,"Ziff Davis, Inc.",branded,2010-03-31,success,2011-04-09 03:00:00+03:00,2026-01-24 02:00:00+02:00,773,
extremetech,answear,"Ziff Davis, Inc.",branded,2010-03-31,success,2011-04-09 03:00:00+03:00,2026-01-24 02:00:00+02:00,773,
eweek,card factory,"Ziff Davis, Inc.",branded,2010-03-31,success,2011-04-09 03:00:00+03:00,2026-01-24 02:00:00+02:00,773,
zdnet,trustpilot,"Ziff Davis, Inc.",branded,2010-03-31,success,2011-04-09 03:00:00+03:00,2026-01-24 02:00:00+02:00,773,
adthrive,trustpilot,"Ziff Davis, Inc.",branded,2010-03-31,success,2011-04-09 03:00:00+03:00,2026-01-24 02:00:00+02:00,773,
hepsiburada,sandro,D-MARKET Elektronik Hizmetler ve Ticaret AS Sponsored ADRDR,branded,2021-06-30,success,2011-04-09 03:00:00+03:00,2026-01-24 02:00:00+02:00,773,
hepsijet,sandro,D-MARKET Elektronik Hizmetler ve Ticaret AS Sponsored ADRDR,branded,2021-06-30,success,2016-03-05 02:00:00+02:00,2026-01-24 02:00:00+02:00,517,
hepsipay,under armour,D-MARKET Elektronik Hizmetler ve Ticaret AS Sponsored ADRDR,branded,2021-06-30,success,2011-04-09 03:00:00+03:00,2026-01-24 02:00:00+02:00,773,
hepsiburada market,answear,D-MARKET Elektronik Hizmetler ve Ticaret AS Sponsored ADRDR,branded,2021-06-30,success,2011-04-09 03:00:00+03:00,2026-01-24 02:00:00+02:00,773,
hepsiburada seyahat,mister car wash,D-MARKET Elektronik Hizmetler ve Ticaret AS Sponsored ADRDR,branded,2021-06-30,success,2011-04-09 03:00:00+03:00,2026-01-24 02:00:00+02:00,773,
angi,under armour,Angi Inc.,branded,2011-12-31,success,2011-04-09 03:00:00+03:00,2026-01-24 02:00:00+02:00,773,
angie's list,answear,Angi Inc.,branded,2011-12-31,success,2011-04-09 03:00:00+03:00,2026-01-24 02:00:00+02:00,773,
homeadvisor,american eagle outfitters,Angi Inc.,branded,2011-12-31,success,2011-04-09 03:00:00+03:00,2026-01-24 02:00:00+02:00,773,
handy,sandro,Angi Inc.,branded,2011-12-31,success,2011-04-09 03:00:00+03:00,2026-01-24 02:00:00+02:00,773,
fixd,webjet,Angi Inc.,branded,2011-12-31,success,2011-04-09 03:00:00+03:00,2026-01-24 02:00:00+02:00,773,
sohu,american eagle outfitters,Sohu.com Limited Sponsored ADRDR,branded,2010-03-31,success,2011-04-09 03:00:00+03:00,2026-01-24 02:00:00+02:00,773,
sohu video,webjet,Sohu.com Limited Sponsored ADRDR,branded,2010-03-31,success,2011-04-09 03:00:00+03:00,2026-01-24 02:00:00+02:00,773,
sougou,webjet,Sohu.com Limited Sponsored ADRDR,branded,2010-03-31,success,2011-04-09 03:00:00+03:00,2026-01-24 02:00:00+02:00,773,
changyou,mister car wash,Sohu.com Limited Sponsored ADRDR,branded,2010-03-31,success,2011-04-09 03:00:00+03:00,2026-01-24 02:00:00+02:00,773,
17173.com,under armour,Sohu.com Limited Sponsored ADRDR,branded,2010-03-31,success,2011-04-09 03:00:00+03:00,2026-01-24 02:00:00+02:00,773,
wildbrain,american eagle outfitters,WildBrain Ltd.D,branded,2010-12-31,success,2011-04-09 03:00:00+03:00,2026-01-24 02:00:00+02:00,773,
wildbrain spark,trustpilot,WildBrain Ltd.D,branded,2010-12-31,success,2021-01-30 02:00:00+02:00,2026-01-24 02:00:00+02:00,261,
peanuts worldwide,boot barn,WildBrain Ltd.D,branded,2010-12-31,success,2011-04-09 03:00:00+03:00,2026-01-24 02:00:00+02:00,773,
strawberry shortcake,under armour,WildBrain Ltd.D,branded,2010-12-31,success,2011-04-09 03:00:00+03:00,2026-01-24 02:00:00+02:00,773,
caillou,american eagle outfitters,WildBrain Ltd.D,branded,2010-12-31,success,2011-04-09 03:00:00+03:00,2026-01-24 02:00:00+02:00,773,
inspector gadget,mister car wash,WildBrain Ltd.D,branded,2010-12-31,success,2011-04-09 03:00:00+03:00,2026-01-24 02:00:00+02:00,773,
degrassi,mister car wash,WildBrain Ltd.D,branded,2010-12-31,success,2011-04-09 03:00:00+03:00,2026-01-24 02:00:00+02:00,773,
yo gabba gabba,trustpilot,WildBrain Ltd.D,branded,2010-12-31,success,2011-04-09 03:00:00+03:00,2026-01-24 02:00:00+02:00,773,
in the night garden,webjet,WildBrain Ltd.D,branded,2010-12-31,success,2011-04-09 03:00:00+03:00,2026-01-24 02:00:00+02:00,773,
ermenegildo zegna,answear,Ermenegildo Zegna N.V.,branded,2022-03-31,success,2011-04-09 03:00:00+03:00,2026-01-24 02:00:00+02:00,773,
zegna,mister car wash,Ermenegildo Zegna N.V.,branded,2022-03-31,success,2011-04-09 03:00:00+03:00,2026-01-24 02:00:00+02:00,773,
z zegna,answear,Ermenegildo Zegna N.V.,branded,2022-03-31,success,2011-04-09 03:00:00+03:00,2026-01-24 02:00:00+02:00,773,
thom browne,american eagle outfitters,Ermenegildo Zegna N.V.,branded,2022-03-31,success,2011-04-09 03:00:00+03:00,2026-01-24 02:00:00+02:00,773,
agnona,american eagle outfitters,Ermenegildo Zegna N.V.,branded,2022-03-31,success,2011-04-09 03:00:00+03:00,2026-01-24 02:00:00+02:00,773,
tom ford fashion,mister car wash,Ermenegildo Zegna N.V.,branded,2022-03-31,success,2011-04-09 03:00:00+03:00,2026-01-24 02:00:00+02:00,773,
amazfit,card factory,Zepp Health Corp. Sponsored ADR Class ADR,branded,2017-12-31,success,2011-04-09 03:00:00+03:00,2026-01-24 02:00:00+02:00,773,
zepp,american eagle outfitters,Zepp Health Corp. Sponsored ADR Class ADR,branded,2017-12-31,success,2011-04-09 03:00:00+03:00,2026-01-24 02:00:00+02:00,773,
little sheep hot pot,webjet,"Yum China Holdings, Inc.",branded,2016-09-30,success,2011-04-09 03:00:00+03:00,2026-01-24 02:00:00+02:00,773,
coffii & joy,sandro,"Yum China Holdings, Inc.",branded,2016-09-30,NOT_NORMALIZED,,,0,No data for coffii & joy in window 1
huang ji huang,webjet,"Yum China Holdings, Inc.",branded,2016-09-30,success,2011-04-09 03:00:00+03:00,2026-01-24 02:00:00+02:00,773,
east dawning,under armour,"Yum China Holdings, Inc.",branded,2016-09-30,NOT_NORMALIZED,,,0,No data for east dawning in window 1
lavazza,sandro,"Yum China Holdings, Inc.",branded,2016-09-30,success,2011-04-09 03:00:00+03:00,2026-01-24 02:00:00+02:00,773,
perfect diary,sandro,Yatsen Holding Ltd. Sponsored ADR Class ADR,branded,2020-12-31,success,2011-04-09 03:00:00+03:00,2026-01-24 02:00:00+02:00,773,
little ondine,boot barn,Yatsen Holding Ltd. Sponsored ADR Class ADR,branded,2020-12-31,success,2011-04-09 03:00:00+03:00,2026-01-24 02:00:00+02:00,773,
abby's choice,answear,Yatsen Holding Ltd. Sponsored ADR Class ADR,branded,2020-12-31,success,2011-04-09 03:00:00+03:00,2026-01-24 02:00:00+02:00,773,
galenic,american eagle outfitters,Yatsen Holding Ltd. Sponsored ADR Class ADR,branded,2020-12-31,success,2011-04-09 03:00:00+03:00,2026-01-24 02:00:00+02:00,773,
eve lom,american eagle outfitters,Yatsen Holding Ltd. Sponsored ADR Class ADR,branded,2020-12-31,success,2011-04-09 03:00:00+03:00,2026-01-24 02:00:00+02:00,773,
dr.wu,boot barn,Yatsen Holding Ltd. Sponsored ADR Class ADR,branded,2020-12-31,success,2011-04-09 03:00:00+03:00,2026-01-24 02:00:00+02:00,773,
club pilates,under armour,"Xponential Fitness, Inc.",branded,2021-03-31,success,2011-04-09 03:00:00+03:00,2026-01-24 02:00:00+02:00,773,
cyclebar,trustpilot,"Xponential Fitness, Inc.",branded,2021-03-31,success,2011-04-09 03:00:00+03:00,2026-01-24 02:00:00+02:00,773,
stretchlab,american eagle outfitters,"Xponential Fitness, Inc.",branded,2021-03-31,success,2011-04-09 03:00:00+03:00,2026-01-24 02:00:00+02:00,773,
row house,trustpilot,"Xponential Fitness, Inc.",branded,2021-03-31,failed,,,0,"Oxylabs API error: 204 (x-oxylabs-job-id=7421220081725617153) | keyword='row house', date_from='2021-01-25', date_to='2026-01-24' | No Content"
akt,american eagle outfitters,"Xponential Fitness, Inc.",branded,2021-03-31,success,2011-04-09 03:00:00+03:00,2026-01-24 02:00:00+02:00,773,
yogasix,american eagle outfitters,"Xponential Fitness, Inc.",branded,2021-03-31,success,2011-04-09 03:00:00+03:00,2026-01-24 02:00:00+02:00,773,
pure barre,mister car wash,"Xponential Fitness, Inc.",branded,2021-03-31,success,2011-04-09 03:00:00+03:00,2026-01-24 02:00:00+02:00,773,
stride,answear,"Xponential Fitness, Inc.",branded,2021-03-31,success,2011-04-09 03:00:00+03:00,2026-01-24 02:00:00+02:00,773,
rumble,card factory,"Xponential Fitness, Inc.",branded,2021-03-31,success,2011-04-09 03:00:00+03:00,2026-01-24 02:00:00+02:00,773,
bft,card factory,"Xponential Fitness, Inc.",branded,2021-03-31,success,2011-04-09 03:00:00+03:00,2026-01-24 02:00:00+02:00,773,
wolverine,mister car wash,"Wolverine World Wide, Inc.",branded,2010-03-31,success,2011-04-09 03:00:00+03:00,2026-01-24 02:00:00+02:00,773,
merrell,mister car wash,"Wolverine World Wide, Inc.",branded,2010-03-31,success,2011-04-09 03:00:00+03:00,2026-01-24 02:00:00+02:00,773,
saucony,webjet,"Wolverine World Wide, Inc.",branded,2010-03-31,success,2011-04-09 03:00:00+03:00,2026-01-24 02:00:00+02:00,773,
sperry,mister car wash,"Wolverine World Wide, Inc.",branded,2010-03-31,success,2011-04-09 03:00:00+03:00,2026-01-24 02:00:00+02:00,773,
keds,boot barn,"Wolverine World Wide, Inc.",branded,2010-03-31,success,2011-04-09 03:00:00+03:00,2026-01-24 02:00:00+02:00,773,
hush puppies,card factory,"Wolverine World Wide, Inc.",branded,2010-03-31,success,2011-04-09 03:00:00+03:00,2026-01-24 02:00:00+02:00,773,
chaco,american eagle outfitters,"Wolverine World Wide, Inc.",branded,2010-03-31,success,2011-04-09 03:00:00+03:00,2026-01-24 02:00:00+02:00,773,
bates,trustpilot,"Wolverine World Wide, Inc.",branded,2010-03-31,success,2011-04-09 03:00:00+03:00,2026-01-24 02:00:00+02:00,773,
harley-davidson footwear,boot barn,"Wolverine World Wide, Inc.",branded,2010-03-31,success,2011-04-09 03:00:00+03:00,2026-01-24 02:00:00+02:00,773,
cat footwear,boot barn,"Wolverine World Wide, Inc.",branded,2010-03-31,success,2011-04-09 03:00:00+03:00,2026-01-24 02:00:00+02:00,773,
stride rite,boot barn,"Wolverine World Wide, Inc.",branded,2010-03-31,success,2011-04-09 03:00:00+03:00,2026-01-24 02:00:00+02:00,773,
sweaty betty,mister car wash,"Wolverine World Wide, Inc.",branded,2010-03-31,success,2011-04-09 03:00:00+03:00,2026-01-24 02:00:00+02:00,773,
whirlpool,american eagle outfitters,Whirlpool Corporation,branded,2010-03-31,success,2011-04-09 03:00:00+03:00,2026-01-24 02:00:00+02:00,773,
maytag,card factory,Whirlpool Corporation,branded,2010-03-31,success,2011-04-09 03:00:00+03:00,2026-01-24 02:00:00+02:00,773,
amana,trustpilot,Whirlpool Corporation,branded,2010-03-31,success,2011-04-09 03:00:00+03:00,2026-01-24 02:00:00+02:00,773,
jennair,answear,Whirlpool Corporation,branded,2010-03-31,success,2011-04-09 03:00:00+03:00,2026-01-24 02:00:00+02:00,773,
hotpoint,trustpilot,Whirlpool Corporation,branded,2010-03-31,success,2011-04-09 03:00:00+03:00,2026-01-24 02:00:00+02:00,773,
indesit,under armour,Whirlpool Corporation,branded,2010-03-31,success,2011-04-09 03:00:00+03:00,2026-01-24 02:00:00+02:00,773,
brastemp,answear,Whirlpool Corporation,branded,2010-03-31,success,2011-04-09 03:00:00+03:00,2026-01-24 02:00:00+02:00,773,
consul,under armour,Whirlpool Corporation,branded,2010-03-31,success,2011-04-09 03:00:00+03:00,2026-01-24 02:00:00+02:00,773,
affresh,webjet,Whirlpool Corporation,branded,2010-03-31,success,2011-04-09 03:00:00+03:00,2026-01-24 02:00:00+02:00,773,
winnebago,card factory,"Winnebago Industries, Inc.",branded,2010-02-28,success,2011-04-09 03:00:00+03:00,2026-01-24 02:00:00+02:00,773,
grand design rv,sandro,"Winnebago Industries, Inc.",branded,2010-02-28,success,2011-04-09 03:00:00+03:00,2026-01-24 02:00:00+02:00,773,
newmar,sandro,"Winnebago Industries, Inc.",branded,2010-02-28,failed,,,0,"Oxylabs API error: 204 (x-oxylabs-job-id=7421223588461586433) | keyword='newmar', date_from='2021-01-25', date_to='2026-01-24' | No Content"
chriscraft,sandro,"Winnebago Industries, Inc.",branded,2010-02-28,failed,,,0,"Oxylabs API error: 204 (x-oxylabs-job-id=7421223764957860865) | keyword='chriscraft', date_from='2016-02-28', date_to='2021-02-27' | No Content"
barletta pontoon boats,card factory,"Winnebago Industries, Inc.",branded,2010-02-28,success,2011-04-09 03:00:00+03:00,2026-01-24 02:00:00+02:00,773,
lithionics battery,card factory,"Winnebago Industries, Inc.",branded,2010-02-28,success,2021-01-30 02:00:00+02:00,2026-01-24 02:00:00+02:00,261,
victorias secret,trustpilot,Victorias Secret & Co.,branded,2021-04-30,success,2011-04-09 03:00:00+03:00,2026-01-24 02:00:00+02:00,773,
vipshop,sandro,Vipshop Holdings Ltd Sponsored ADRDR,branded,2012-06-30,success,2011-04-09 03:00:00+03:00,2026-01-24 02:00:00+02:00,773,
lefengcom,boot barn,Vipshop Holdings Ltd Sponsored ADRDR,branded,2012-06-30,success,2021-01-30 02:00:00+02:00,2026-01-24 02:00:00+02:00,261,
vans,sandro,V.F. Corporation,branded,2010-03-31,success,2011-04-09 03:00:00+03:00,2026-01-24 02:00:00+02:00,773,
the north face,card factory,V.F. Corporation,branded,2010-03-31,success,2011-04-09 03:00:00+03:00,2026-01-24 02:00:00+02:00,773,
timberland,webjet,V.F. Corporation,branded,2010-03-31,success,2011-04-09 03:00:00+03:00,2026-01-24 02:00:00+02:00,773,
dickies,american eagle outfitters,V.F. Corporation,branded,2010-03-31,success,2011-04-09 03:00:00+03:00,2026-01-24 02:00:00+02:00,773,
supreme,card factory,V.F. Corporation,branded,2010-03-31,success,2011-04-09 03:00:00+03:00,2026-01-24 02:00:00+02:00,773,
jansport,card factory,V.F. Corporation,branded,2010-03-31,success,2011-04-09 03:00:00+03:00,2026-01-24 02:00:00+02:00,773,
eastpak,sandro,V.F. Corporation,branded,2010-03-31,success,2011-04-09 03:00:00+03:00,2026-01-24 02:00:00+02:00,773,
kipling,american eagle outfitters,V.F. Corporation,branded,2010-03-31,success,2011-04-09 03:00:00+03:00,2026-01-24 02:00:00+02:00,773,
lee,mister car wash,V.F. Corporation,branded,2010-03-31,success,2011-04-09 03:00:00+03:00,2026-01-24 02:00:00+02:00,773,
wrangler,boot barn,V.F. Corporation,branded,2010-03-31,success,2011-04-09 03:00:00+03:00,2026-01-24 02:00:00+02:00,773,
smartwool,boot barn,V.F. Corporation,branded,2010-03-31,success,2011-04-09 03:00:00+03:00,2026-01-24 02:00:00+02:00,773,
icebreaker,american eagle outfitters,V.F. Corporation,branded,2010-03-31,success,2011-04-09 03:00:00+03:00,2026-01-24 02:00:00+02:00,773,
altra,trustpilot,V.F. Corporation,branded,2010-03-31,success,2011-04-09 03:00:00+03:00,2026-01-24 02:00:00+02:00,773,
napapijri,boot barn,V.F. Corporation,branded,2010-03-31,success,2011-04-09 03:00:00+03:00,2026-01-24 02:00:00+02:00,773,
reef,trustpilot,V.F. Corporation,branded,2010-03-31,success,2011-04-09 03:00:00+03:00,2026-01-24 02:00:00+02:00,773,
7 for all mankind,sandro,V.F. Corporation,branded,2010-03-31,success,2011-04-09 03:00:00+03:00,2026-01-24 02:00:00+02:00,773,
splendid,answear,V.F. Corporation,branded,2010-03-31,success,2011-04-09 03:00:00+03:00,2026-01-24 02:00:00+02:00,773,
ella moss,sandro,V.F. Corporation,branded,2010-03-31,success,2011-04-09 03:00:00+03:00,2026-01-24 02:00:00+02:00,773,
lucy,boot barn,V.F. Corporation,branded,2010-03-31,success,2011-04-09 03:00:00+03:00,2026-01-24 02:00:00+02:00,773,
marriott vacation club,under armour,Marriott Vacations Worldwide Corporation,branded,2011-12-31,success,2011-04-09 03:00:00+03:00,2026-01-24 02:00:00+02:00,773,
the ritz-carlton destination club,under armour,Marriott Vacations Worldwide Corporation,branded,2011-12-31,success,2021-01-30 02:00:00+02:00,2026-01-24 02:00:00+02:00,261,
grand residences by marriott,boot barn,Marriott Vacations Worldwide Corporation,branded,2011-12-31,success,2011-04-09 03:00:00+03:00,2026-01-24 02:00:00+02:00,773,
marriott vacation club pulse,webjet,Marriott Vacations Worldwide Corporation,branded,2011-12-31,success,2011-04-09 03:00:00+03:00,2026-01-24 02:00:00+02:00,773,
sheraton vacation club,answear,Marriott Vacations Worldwide Corporation,branded,2011-12-31,success,2011-04-09 03:00:00+03:00,2026-01-24 02:00:00+02:00,773,
westin vacation club,under armour,Marriott Vacations Worldwide Corporation,branded,2011-12-31,success,2011-04-09 03:00:00+03:00,2026-01-24 02:00:00+02:00,773,
vistana signature experiences,mister car wash,Marriott Vacations Worldwide Corporation,branded,2011-12-31,success,2016-03-05 02:00:00+02:00,2026-01-24 02:00:00+02:00,517,
aqua-aston hospitality,answear,Marriott Vacations Worldwide Corporation,branded,2011-12-31,success,2011-04-09 03:00:00+03:00,2026-01-24 02:00:00+02:00,773,
interval international,american eagle outfitters,Marriott Vacations Worldwide Corporation,branded,2011-12-31,success,2011-04-09 03:00:00+03:00,2026-01-24 02:00:00+02:00,773,
unifirst,mister car wash,Unifirst Corporation,branded,2010-02-28,success,2011-04-09 03:00:00+03:00,2026-01-24 02:00:00+02:00,773,
under armour,boot barn,"Under Armour, Inc.",branded,2016-03-31,success,2011-04-09 03:00:00+03:00,2026-01-24 02:00:00+02:00,773,
mapmyrun,card factory,"Under Armour, Inc.",branded,2016-03-31,success,2011-04-09 03:00:00+03:00,2026-01-24 02:00:00+02:00,773,
mapmyride,boot barn,"Under Armour, Inc.",branded,2016-03-31,success,2011-04-09 03:00:00+03:00,2026-01-24 02:00:00+02:00,773,
myfitnesspal,american eagle outfitters,"Under Armour, Inc.",branded,2016-03-31,success,2011-04-09 03:00:00+03:00,2026-01-24 02:00:00+02:00,773,
endomondo,mister car wash,"Under Armour, Inc.",branded,2016-03-31,success,2011-04-09 03:00:00+03:00,2026-01-24 02:00:00+02:00,773,
ua hovr,answear,"Under Armour, Inc.",branded,2016-03-31,success,2016-03-05 02:00:00+02:00,2026-01-24 02:00:00+02:00,517,
ua rush,american eagle outfitters,"Under Armour, Inc.",branded,2016-03-31,success,2011-04-09 03:00:00+03:00,2026-01-24 02:00:00+02:00,773,
ua flow,trustpilot,"Under Armour, Inc.",branded,2016-03-31,success,2011-04-09 03:00:00+03:00,2026-01-24 02:00:00+02:00,773,
kate spade new york,under armour,"Tapestry, Inc.",branded,2010-03-31,success,2011-04-09 03:00:00+03:00,2026-01-24 02:00:00+02:00,773,
stuart weitzman,answear,"Tapestry, Inc.",branded,2010-03-31,failed,,,0,"Oxylabs API error: 204 (x-oxylabs-job-id=7421229757963969537) | keyword='stuart weitzman', date_from='2021-01-25', date_to='2026-01-24' | No Content"
tillys,trustpilot,"Tilly's, Inc.",branded,2012-02-29,success,2011-04-09 03:00:00+03:00,2026-01-24 02:00:00+02:00,773,
thor industries,card factory,"Thor Industries, Inc.",branded,2010-01-31,success,2011-04-09 03:00:00+03:00,2026-01-24 02:00:00+02:00,773,
airstream,webjet,"Thor Industries, Inc.",branded,2010-01-31,success,2011-04-09 03:00:00+03:00,2026-01-24 02:00:00+02:00,773,
keystone rv company,american eagle outfitters,"Thor Industries, Inc.",branded,2010-01-31,success,2011-04-09 03:00:00+03:00,2026-01-24 02:00:00+02:00,773,
dutchmen rv,boot barn,"Thor Industries, Inc.",branded,2010-01-31,success,2011-04-09 03:00:00+03:00,2026-01-24 02:00:00+02:00,773,
heartland rv,sandro,"Thor Industries, Inc.",branded,2010-01-31,success,2011-04-09 03:00:00+03:00,2026-01-24 02:00:00+02:00,773,
thor motor coach,trustpilot,"Thor Industries, Inc.",branded,2010-01-31,success,2011-04-09 03:00:00+03:00,2026-01-24 02:00:00+02:00,773,
jayco,card factory,"Thor Industries, Inc.",branded,2010-01-31,success,2011-04-09 03:00:00+03:00,2026-01-24 02:00:00+02:00,773,
entegra coach,sandro,"Thor Industries, Inc.",branded,2010-01-31,success,2011-04-09 03:00:00+03:00,2026-01-24 02:00:00+02:00,773,
highland ridge rv,under armour,"Thor Industries, Inc.",branded,2010-01-31,success,2011-04-09 03:00:00+03:00,2026-01-24 02:00:00+02:00,773,
starcraft rv,boot barn,"Thor Industries, Inc.",branded,2010-01-31,success,2011-04-09 03:00:00+03:00,2026-01-24 02:00:00+02:00,773,
k-z rv,american eagle outfitters,"Thor Industries, Inc.",branded,2010-01-31,failed,,,0,"Oxylabs API error: 204 (x-oxylabs-job-id=7421231668955993089) | keyword='k-z rv', date_from='2011-04-05', date_to='2016-04-04' | No Content"
tiffin motorhomes,card factory,"Thor Industries, Inc.",branded,2010-01-31,success,2011-04-09 03:00:00+03:00,2026-01-24 02:00:00+02:00,773,
crossroads rv,webjet,"Thor Industries, Inc.",branded,2010-01-31,success,2011-04-09 03:00:00+03:00,2026-01-24 02:00:00+02:00,773,
erwin hymer group,american eagle outfitters,"Thor Industries, Inc.",branded,2010-01-31,success,2011-04-09 03:00:00+03:00,2026-01-24 02:00:00+02:00,773,
hymer,boot barn,"Thor Industries, Inc.",branded,2010-01-31,success,2011-04-09 03:00:00+03:00,2026-01-24 02:00:00+02:00,773,
eriba,under armour,"Thor Industries, Inc.",branded,2010-01-31,success,2011-04-09 03:00:00+03:00,2026-01-24 02:00:00+02:00,773,
dethleffs,under armour,"Thor Industries, Inc.",branded,2010-01-31,success,2011-04-09 03:00:00+03:00,2026-01-24 02:00:00+02:00,773,
laika,american eagle outfitters,"Thor Industries, Inc.",branded,2010-01-31,success,2011-04-09 03:00:00+03:00,2026-01-24 02:00:00+02:00,773,
niesmann+bischoff,answear,"Thor Industries, Inc.",branded,2010-01-31,success,2011-04-09 03:00:00+03:00,2026-01-24 02:00:00+02:00,773,
sunlight,boot barn,"Thor Industries, Inc.",branded,2010-01-31,success,2011-04-09 03:00:00+03:00,2026-01-24 02:00:00+02:00,773,
carado,card factory,"Thor Industries, Inc.",branded,2010-01-31,failed,,,0,"HTTPSConnectionPool(host='realtime.oxylabs.io', port=443): Read timed out. (read timeout=60)"
shark,card factory,"SharkNinja, Inc.",branded,2013-06-30,success,2011-04-09 03:00:00+03:00,2026-01-24 02:00:00+02:00,773,
ninja,answear,"SharkNinja, Inc.",branded,2013-06-30,success,2011-04-09 03:00:00+03:00,2026-01-24 02:00:00+02:00,773,
shake shack,webjet,"Shake Shack, Inc.",branded,2014-12-31,success,2011-04-09 03:00:00+03:00,2026-01-24 02:00:00+02:00,773,
super rent,american eagle outfitters,Super Group () Limited,branded,2022-03-31,success,2011-04-09 03:00:00+03:00,2026-01-24 02:00:00+02:00,773,
super drive,boot barn,Super Group () Limited,branded,2022-03-31,success,2011-04-09 03:00:00+03:00,2026-01-24 02:00:00+02:00,773,
micor shipping,trustpilot,Super Group () Limited,branded,2022-03-31,success,2011-04-09 03:00:00+03:00,2026-01-24 02:00:00+02:00,773,
aramex,american eagle outfitters,Super Group () Limited,branded,2022-03-31,success,2011-04-09 03:00:00+03:00,2026-01-24 02:00:00+02:00,773,
dealbox,trustpilot,Super Group () Limited,branded,2022-03-31,success,2011-04-09 03:00:00+03:00,2026-01-24 02:00:00+02:00,773,
cargo africa,trustpilot,Super Group () Limited,branded,2022-03-31,success,2011-04-09 03:00:00+03:00,2026-01-24 02:00:00+02:00,773,
sweetgreen,answear,"Sweetgreen, Inc.",branded,2019-03-31,success,2011-04-09 03:00:00+03:00,2026-01-24 02:00:00+02:00,773,
the grand,trustpilot,Seaport Entertainment Group Inc.,branded,2025-09-30,success,2011-04-09 03:00:00+03:00,2026-01-24 02:00:00+02:00,773,
scorpion bar,card factory,Seaport Entertainment Group Inc.,branded,2025-09-30,success,2011-04-09 03:00:00+03:00,2026-01-24 02:00:00+02:00,773,
empire,trustpilot,Seaport Entertainment Group Inc.,branded,2025-09-30,success,2011-04-09 03:00:00+03:00,2026-01-24 02:00:00+02:00,773,
red lantern,american eagle outfitters,Seaport Entertainment Group Inc.,branded,2025-09-30,success,2011-04-09 03:00:00+03:00,2026-01-24 02:00:00+02:00,773,
dignity memorial,answear,Service Corporation International,branded,2010-03-31,success,2011-04-09 03:00:00+03:00,2026-01-24 02:00:00+02:00,773,
advantage funeral cremation services,under armour,Service Corporation International,branded,2010-03-31,success,2011-04-09 03:00:00+03:00,2026-01-24 02:00:00+02:00,773,
revolve,boot barn,"Revolve Group, Inc.",branded,2019-06-30,success,2011-04-09 03:00:00+03:00,2026-01-24 02:00:00+02:00,773,
fwrd,boot barn,"Revolve Group, Inc.",branded,2019-06-30,success,2011-04-09 03:00:00+03:00,2026-01-24 02:00:00+02:00,773,
superdown,sandro,"Revolve Group, Inc.",branded,2019-06-30,success,2011-04-09 03:00:00+03:00,2026-01-24 02:00:00+02:00,773,
lpa,answear,"Revolve Group, Inc.",branded,2019-06-30,success,2011-04-09 03:00:00+03:00,2026-01-24 02:00:00+02:00,773,
lovers friends,american eagle outfitters,"Revolve Group, Inc.",branded,2019-06-30,success,2011-04-09 03:00:00+03:00,2026-01-24 02:00:00+02:00,773,
tularosa,webjet,"Revolve Group, Inc.",branded,2019-06-30,success,2011-04-09 03:00:00+03:00,2026-01-24 02:00:00+02:00,773,
nbd,under armour,"Revolve Group, Inc.",branded,2019-06-30,success,2011-04-09 03:00:00+03:00,2026-01-24 02:00:00+02:00,773,
house of harlow 1960,under armour,"Revolve Group, Inc.",branded,2019-06-30,success,2011-04-09 03:00:00+03:00,2026-01-24 02:00:00+02:00,773,
rush street interactive,mister car wash,"Rush Street Interactive, Inc.",branded,2020-09-30,success,2016-03-05 02:00:00+02:00,2026-01-24 02:00:00+02:00,517,
betrivers,under armour,"Rush Street Interactive, Inc.",branded,2020-09-30,success,2011-04-09 03:00:00+03:00,2026-01-24 02:00:00+02:00,773,
playsugarhouse,webjet,"Rush Street Interactive, Inc.",branded,2020-09-30,success,2016-03-05 02:00:00+02:00,2026-01-24 02:00:00+02:00,517,
betriversnet,sandro,"Rush Street Interactive, Inc.",branded,2020-09-30,success,2021-01-30 02:00:00+02:00,2026-01-24 02:00:00+02:00,261,
ralph lauren,answear,Ralph Lauren Corporation,branded,2010-03-31,success,2011-04-09 03:00:00+03:00,2026-01-24 02:00:00+02:00,773,
polo ralph lauren,trustpilot,Ralph Lauren Corporation,branded,2010-03-31,success,2011-04-09 03:00:00+03:00,2026-01-24 02:00:00+02:00,773,
lauren ralph lauren,boot barn,Ralph Lauren Corporation,branded,2010-03-31,success,2011-04-09 03:00:00+03:00,2026-01-24 02:00:00+02:00,773,
rlx ralph lauren,under armour,Ralph Lauren Corporation,branded,2010-03-31,success,2011-04-09 03:00:00+03:00,2026-01-24 02:00:00+02:00,773,
double rl,sandro,Ralph Lauren Corporation,branded,2010-03-31,success,2011-04-09 03:00:00+03:00,2026-01-24 02:00:00+02:00,773,
polo sport,american eagle outfitters,Ralph Lauren Corporation,branded,2010-03-31,success,2011-04-09 03:00:00+03:00,2026-01-24 02:00:00+02:00,773,
chaps,american eagle outfitters,Ralph Lauren Corporation,branded,2010-03-31,success,2011-04-09 03:00:00+03:00,2026-01-24 02:00:00+02:00,773,
club monaco,answear,Ralph Lauren Corporation,branded,2010-03-31,success,2011-04-09 03:00:00+03:00,2026-01-24 02:00:00+02:00,773,
pursuit collection,mister car wash,"Pursuit Attractions and Hospitality, Inc.",branded,2017-03-31,success,2011-04-09 03:00:00+03:00,2026-01-24 02:00:00+02:00,773,
banff gondola,webjet,"Pursuit Attractions and Hospitality, Inc.",branded,2017-03-31,failed,,,0,"Oxylabs API error: 204 (x-oxylabs-job-id=7421237906016068609) | keyword='banff gondola', date_from='2021-01-25', date_to='2026-01-24' | No Content"
columbia icefield adventure,american eagle outfitters,"Pursuit Attractions and Hospitality, Inc.",branded,2017-03-31,success,2011-04-09 03:00:00+03:00,2026-01-24 02:00:00+02:00,773,
glacier skywalk,american eagle outfitters,"Pursuit Attractions and Hospitality, Inc.",branded,2017-03-31,success,2011-04-09 03:00:00+03:00,2026-01-24 02:00:00+02:00,773,
maligne lake cruise,trustpilot,"Pursuit Attractions and Hospitality, Inc.",branded,2017-03-31,success,2011-04-09 03:00:00+03:00,2026-01-24 02:00:00+02:00,773,
lake minnewanka cruise,under armour,"Pursuit Attractions and Hospitality, Inc.",branded,2017-03-31,success,2011-04-09 03:00:00+03:00,2026-01-24 02:00:00+02:00,773,
jasper skytram,under armour,"Pursuit Attractions and Hospitality, Inc.",branded,2017-03-31,success,2011-04-09 03:00:00+03:00,2026-01-24 02:00:00+02:00,773,
flyover canada,trustpilot,"Pursuit Attractions and Hospitality, Inc.",branded,2017-03-31,success,2011-04-09 03:00:00+03:00,2026-01-24 02:00:00+02:00,773,
flyover iceland,boot barn,"Pursuit Attractions and Hospitality, Inc.",branded,2017-03-31,success,2016-03-05 02:00:00+02:00,2026-01-24 02:00:00+02:00,517,
flyover las vegas,american eagle outfitters,"Pursuit Attractions and Hospitality, Inc.",branded,2017-03-31,success,2016-03-05 02:00:00+02:00,2026-01-24 02:00:00+02:00,517,
skywheel niagara falls,webjet,"Pursuit Attractions and Hospitality, Inc.",branded,2017-03-31,success,2011-04-09 03:00:00+03:00,2026-01-24 02:00:00+02:00,773,
the rimrock resort hotel,sandro,"Pursuit Attractions and Hospitality, Inc.",branded,2017-03-31,success,2011-04-09 03:00:00+03:00,2026-01-24 02:00:00+02:00,773,
elk avenue hotel,mister car wash,"Pursuit Attractions and Hospitality, Inc.",branded,2017-03-31,success,2016-03-05 02:00:00+02:00,2026-01-24 02:00:00+02:00,517,
glacier view lodge,american eagle outfitters,"Pursuit Attractions and Hospitality, Inc.",branded,2017-03-31,success,2011-04-09 03:00:00+03:00,2026-01-24 02:00:00+02:00,773,
alaska collection,under armour,"Pursuit Attractions and Hospitality, Inc.",branded,2017-03-31,success,2011-04-09 03:00:00+03:00,2026-01-24 02:00:00+02:00,773,
kenai fjords tours,webjet,"Pursuit Attractions and Hospitality, Inc.",branded,2017-03-31,success,2011-04-09 03:00:00+03:00,2026-01-24 02:00:00+02:00,773,
denali bluffs hotel,card factory,"Pursuit Attractions and Hospitality, Inc.",branded,2017-03-31,success,2011-04-09 03:00:00+03:00,2026-01-24 02:00:00+02:00,773,
grande denali lodge,american eagle outfitters,"Pursuit Attractions and Hospitality, Inc.",branded,2017-03-31,success,2011-04-09 03:00:00+03:00,2026-01-24 02:00:00+02:00,773,
talkeetna alaskan lodge,sandro,"Pursuit Attractions and Hospitality, Inc.",branded,2017-03-31,success,2011-04-09 03:00:00+03:00,2026-01-24 02:00:00+02:00,773,
seward windsong lodge,answear,"Pursuit Attractions and Hospitality, Inc.",branded,2017-03-31,success,2011-04-09 03:00:00+03:00,2026-01-24 02:00:00+02:00,773,
shore lodge,mister car wash,"Pursuit Attractions and Hospitality, Inc.",branded,2017-03-31,success,2011-04-09 03:00:00+03:00,2026-01-24 02:00:00+02:00,773,
the lodge at whitefish lake,card factory,"Pursuit Attractions and Hospitality, Inc.",branded,2017-03-31,success,2011-04-09 03:00:00+03:00,2026-01-24 02:00:00+02:00,773,
seaworld,boot barn,United Parks & Resorts Inc.,branded,2017-03-31,success,2011-04-09 03:00:00+03:00,2026-01-24 02:00:00+02:00,773,
busch gardens,webjet,United Parks & Resorts Inc.,branded,2017-03-31,success,2011-04-09 03:00:00+03:00,2026-01-24 02:00:00+02:00,773,
discovery cove,card factory,United Parks & Resorts Inc.,branded,2017-03-31,success,2011-04-09 03:00:00+03:00,2026-01-24 02:00:00+02:00,773,
aquatica,under armour,United Parks & Resorts Inc.,branded,2017-03-31,success,2011-04-09 03:00:00+03:00,2026-01-24 02:00:00+02:00,773,
sesame place,american eagle outfitters,United Parks & Resorts Inc.,branded,2017-03-31,success,2011-04-09 03:00:00+03:00,2026-01-24 02:00:00+02:00,773,
adventure island,card factory,United Parks & Resorts Inc.,branded,2017-03-31,success,2011-04-09 03:00:00+03:00,2026-01-24 02:00:00+02:00,773,
water country usa,card factory,United Parks & Resorts Inc.,branded,2017-03-31,success,2011-04-09 03:00:00+03:00,2026-01-24 02:00:00+02:00,773,
indian motorcycle,sandro,Polaris Inc.,branded,2010-03-31,success,2011-04-09 03:00:00+03:00,2026-01-24 02:00:00+02:00,773,
slingshot,american eagle outfitters,Polaris Inc.,branded,2010-03-31,success,2011-04-09 03:00:00+03:00,2026-01-24 02:00:00+02:00,773,
gem,under armour,Polaris Inc.,branded,2010-03-31,failed,,,0,"Oxylabs API error: 204 (x-oxylabs-job-id=7421241692348484609) | keyword='gem', date_from='2011-04-05', date_to='2016-04-04' | No Content"
klim,american eagle outfitters,Polaris Inc.,branded,2010-03-31,success,2011-04-09 03:00:00+03:00,2026-01-24 02:00:00+02:00,773,
timbersled,answear,Polaris Inc.,branded,2010-03-31,success,2011-04-09 03:00:00+03:00,2026-01-24 02:00:00+02:00,773,
4 wheel parts,american eagle outfitters,Polaris Inc.,branded,2010-03-31,success,2011-04-09 03:00:00+03:00,2026-01-24 02:00:00+02:00,773,
bennington,webjet,Polaris Inc.,branded,2010-03-31,success,2011-04-09 03:00:00+03:00,2026-01-24 02:00:00+02:00,773,
godfrey,webjet,Polaris Inc.,branded,2010-03-31,success,2011-04-09 03:00:00+03:00,2026-01-24 02:00:00+02:00,773,
hurricane,american eagle outfitters,Polaris Inc.,branded,2010-03-31,success,2011-04-09 03:00:00+03:00,2026-01-24 02:00:00+02:00,773,
rinker,webjet,Polaris Inc.,branded,2010-03-31,success,2011-04-09 03:00:00+03:00,2026-01-24 02:00:00+02:00,773,
larson,boot barn,Polaris Inc.,branded,2010-03-31,success,2011-04-09 03:00:00+03:00,2026-01-24 02:00:00+02:00,773,
tommy bahama,boot barn,"Oxford Industries, Inc.",branded,2010-02-28,success,2011-04-09 03:00:00+03:00,2026-01-24 02:00:00+02:00,773,
lilly pulitzer,trustpilot,"Oxford Industries, Inc.",branded,2010-02-28,success,2011-04-09 03:00:00+03:00,2026-01-24 02:00:00+02:00,773,
southern tide,answear,"Oxford Industries, Inc.",branded,2010-02-28,success,2011-04-09 03:00:00+03:00,2026-01-24 02:00:00+02:00,773,
ben sherman,under armour,"Oxford Industries, Inc.",branded,2010-02-28,success,2011-04-09 03:00:00+03:00,2026-01-24 02:00:00+02:00,773,
jack rogers,mister car wash,"Oxford Industries, Inc.",branded,2010-02-28,success,2011-04-09 03:00:00+03:00,2026-01-24 02:00:00+02:00,773,
duck head,answear,"Oxford Industries, Inc.",branded,2010-02-28,success,2011-04-09 03:00:00+03:00,2026-01-24 02:00:00+02:00,773,
johnny was,american eagle outfitters,"Oxford Industries, Inc.",branded,2010-02-28,success,2011-04-09 03:00:00+03:00,2026-01-24 02:00:00+02:00,773,
owlet,sandro,"Owlet, Inc.",branded,2021-06-30,success,2011-04-09 03:00:00+03:00,2026-01-24 02:00:00+02:00,773,
on,webjet,On Holding AG,branded,2021-09-30,success,2011-04-09 03:00:00+03:00,2026-01-24 02:00:00+02:00,773,
new york knicks,mister car wash,Madison Square Garden Sports Corp.,branded,2013-09-30,success,2011-04-09 03:00:00+03:00,2026-01-24 02:00:00+02:00,773,
new york rangers,sandro,Madison Square Garden Sports Corp.,branded,2013-09-30,success,2011-04-09 03:00:00+03:00,2026-01-24 02:00:00+02:00,773,
hartford wolf pack,under armour,Madison Square Garden Sports Corp.,branded,2013-09-30,success,2011-04-09 03:00:00+03:00,2026-01-24 02:00:00+02:00,773,
westchester knicks,trustpilot,Madison Square Garden Sports Corp.,branded,2013-09-30,success,2011-04-09 03:00:00+03:00,2026-01-24 02:00:00+02:00,773,
madison square garden,webjet,Madison Square Garden Entertainment Corp.,branded,2020-03-31,success,2011-04-09 03:00:00+03:00,2026-01-24 02:00:00+02:00,773,
radio city music hall,under armour,Madison Square Garden Entertainment Corp.,branded,2020-03-31,success,2011-04-09 03:00:00+03:00,2026-01-24 02:00:00+02:00,773,
beacon theatre,trustpilot,Madison Square Garden Entertainment Corp.,branded,2020-03-31,success,2011-04-09 03:00:00+03:00,2026-01-24 02:00:00+02:00,773,
the chicago theatre,american eagle outfitters,Madison Square Garden Entertainment Corp.,branded,2020-03-31,success,2011-04-09 03:00:00+03:00,2026-01-24 02:00:00+02:00,773,
radio city rockettes,webjet,Madison Square Garden Entertainment Corp.,branded,2020-03-31,success,2011-04-09 03:00:00+03:00,2026-01-24 02:00:00+02:00,773,
christmas spectacular starring the radio city rockettes,card factory,Madison Square Garden Entertainment Corp.,branded,2020-03-31,success,2016-03-05 02:00:00+02:00,2026-01-24 02:00:00+02:00,517,
tao group hospitality,mister car wash,Madison Square Garden Entertainment Corp.,branded,2020-03-31,success,2011-04-09 03:00:00+03:00,2026-01-24 02:00:00+02:00,773,
sphere,card factory,Madison Square Garden Entertainment Corp.,branded,2020-03-31,success,2011-04-09 03:00:00+03:00,2026-01-24 02:00:00+02:00,773,
studio city,under armour,Studio City International Holdings Ltd. Sponsored ADR Class ADR,branded,2018-12-31,success,2011-04-09 03:00:00+03:00,2026-01-24 02:00:00+02:00,773,
the grand suites at studio city,sandro,Studio City International Holdings Ltd. Sponsored ADR Class ADR,branded,2018-12-31,success,2011-04-09 03:00:00+03:00,2026-01-24 02:00:00+02:00,773,
epic tower,webjet,Studio City International Holdings Ltd. Sponsored ADR Class ADR,branded,2018-12-31,success,2011-04-09 03:00:00+03:00,2026-01-24 02:00:00+02:00,773,
golden reel,american eagle outfitters,Studio City International Holdings Ltd. Sponsored ADR Class ADR,branded,2018-12-31,success,2011-04-09 03:00:00+03:00,2026-01-24 02:00:00+02:00,773,
batman dark flight,sandro,Studio City International Holdings Ltd. Sponsored ADR Class ADR,branded,2018-12-31,success,2011-04-09 03:00:00+03:00,2026-01-24 02:00:00+02:00,773,
warner bros fun zone,under armour,Studio City International Holdings Ltd. Sponsored ADR Class ADR,branded,2018-12-31,NOT_NORMALIZED,,,0,No data for warner bros fun zone in window 1
studio city event center,card factory,Studio City International Holdings Ltd. Sponsored ADR Class ADR,branded,2018-12-31,success,2011-04-09 03:00:00+03:00,2026-01-24 02:00:00+02:00,773,
pacha macau,american eagle outfitters,Studio City International Holdings Ltd. Sponsored ADR Class ADR,branded,2018-12-31,NOT_NORMALIZED,,,0,No data for pacha macau in window 1
the boulevard at studio city,under armour,Studio City International Holdings Ltd. Sponsored ADR Class ADR,branded,2018-12-31,success,2016-03-05 02:00:00+02:00,2026-01-24 02:00:00+02:00,517,
studio city water park,webjet,Studio City International Holdings Ltd. Sponsored ADR Class ADR,branded,2018-12-31,success,2016-03-05 02:00:00+02:00,2026-01-24 02:00:00+02:00,517,
safety incorporated,under armour,Safety Incorporated,branded,2010-03-31,success,2011-04-09 03:00:00+03:00,2026-01-24 02:00:00+02:00,773,
movado,american eagle outfitters,Movado Group Inc.,branded,2010-01-31,success,2011-04-09 03:00:00+03:00,2026-01-24 02:00:00+02:00,773,
ebel,card factory,Movado Group Inc.,branded,2010-01-31,success,2011-04-09 03:00:00+03:00,2026-01-24 02:00:00+02:00,773,
