keyword,parent,company,funnel,until_date,status,date_range_start,date_range_end,data_points,error
delta downs racetrack casino & hotel,webjet,Boyd Gaming Corporation,branded,2010-03-31,NOT_NORMALIZED,,,0,No data for delta downs racetrack casino & hotel in window 1
rio allsuite hotel & casino,sandro,"Caesars Entertainment, Inc.",branded,2012-03-31,NOT_NORMALIZED,,,0,No data for rio allsuite hotel & casino in window 1
blink charging,under armour,Blink Charging Co.,branded,2018-12-31,success,2011-04-09 03:00:00+03:00,2026-01-24 02:00:00+02:00,773,
cambridge nanny agency,webjet,"KinderCare Learning Companies, Inc.",branded,2024-09-30,success,2016-03-05 02:00:00+02:00,2026-01-24 02:00:00+02:00,517,
pt's pub,trustpilot,"Golden Entertainment, Inc.",branded,2010-03-31,success,2011-04-09 03:00:00+03:00,2026-01-24 02:00:00+02:00,773,
grande yachts international,trustpilot,OneWater Marine Inc.,branded,2019-12-31,success,2011-04-09 03:00:00+03:00,2026-01-24 02:00:00+02:00,773,
plantation boat mart & marina,american eagle outfitters,OneWater Marine Inc.,branded,2019-12-31,NOT_NORMALIZED,,,0,No data for plantation boat mart & marina in window 1
centro universitário são lucas (unisl),boot barn,Afya Limited,branded,2019-06-30,success,2011-04-09 03:00:00+03:00,2026-01-24 02:00:00+02:00,773,
big fish games,mister car wash,Aristocrat Leisure LimitedD,branded,2014-03-31,success,2011-04-09 03:00:00+03:00,2026-01-24 02:00:00+02:00,773,
club lime,sandro,Viva Leisure Ltd.D,branded,2010-01-31,success,2011-04-09 03:00:00+03:00,2026-01-24 02:00:00+02:00,773,
pinnacle health clubs,boot barn,Viva Leisure Ltd.D,branded,2010-01-31,NOT_NORMALIZED,,,0,No data for pinnacle health clubs in window 1
the reef hotel casino,under armour,Reef Casino TrustD,branded,2010-01-31,success,2011-04-09 03:00:00+03:00,2026-01-24 02:00:00+02:00,773,
knaus,card factory,Knaus Tabbert AGD,branded,2010-01-31,success,2011-04-09 03:00:00+03:00,2026-01-24 02:00:00+02:00,773,
webjet,webjet,Webjet Group LimitedD,branded,2010-01-31,success,2011-04-09 03:00:00+03:00,2026-01-24 02:00:00+02:00,773,
go dealz,boot barn,Webjet Group LimitedD,branded,2010-01-31,success,2011-04-09 03:00:00+03:00,2026-01-24 02:00:00+02:00,773,
online republic,answear,Webjet Group LimitedD,branded,2010-01-31,success,2011-04-09 03:00:00+03:00,2026-01-24 02:00:00+02:00,773,
motorhome republic,webjet,Webjet Group LimitedD,branded,2010-01-31,success,2011-04-09 03:00:00+03:00,2026-01-24 02:00:00+02:00,773,
airport rentals,trustpilot,Webjet Group LimitedD,branded,2010-01-31,success,2011-04-09 03:00:00+03:00,2026-01-24 02:00:00+02:00,773,
cruise guru,sandro,Webjet Group LimitedD,branded,2010-01-31,success,2011-04-09 03:00:00+03:00,2026-01-24 02:00:00+02:00,773,
zuji,card factory,Webjet Group LimitedD,branded,2010-01-31,success,2011-04-09 03:00:00+03:00,2026-01-24 02:00:00+02:00,773,
trip a deal,under armour,Webjet Group LimitedD,branded,2010-01-31,success,2011-04-09 03:00:00+03:00,2026-01-24 02:00:00+02:00,773,
travel group limitedd,under armour,Travel Group limitedD,branded,2013-12-31,NOT_NORMALIZED,,,0,No data for travel group limitedd in window 1
universal store,boot barn,Universal Store Holdings Ltd.D,branded,2010-01-31,success,2011-04-09 03:00:00+03:00,2026-01-24 02:00:00+02:00,773,
thrills,card factory,Universal Store Holdings Ltd.D,branded,2010-01-31,success,2011-04-09 03:00:00+03:00,2026-01-24 02:00:00+02:00,773,
the lott,mister car wash,Lottery Corporation LimitedD,branded,2022-06-30,success,2011-04-09 03:00:00+03:00,2026-01-24 02:00:00+02:00,773,
oz lotto,american eagle outfitters,Lottery Corporation LimitedD,branded,2022-06-30,success,2011-04-09 03:00:00+03:00,2026-01-24 02:00:00+02:00,773,
powerball,sandro,Lottery Corporation LimitedD,branded,2022-06-30,success,2011-04-09 03:00:00+03:00,2026-01-24 02:00:00+02:00,773,
tattslotto,under armour,Lottery Corporation LimitedD,branded,2022-06-30,success,2011-04-09 03:00:00+03:00,2026-01-24 02:00:00+02:00,773,
monday & wednesday lotto,answear,Lottery Corporation LimitedD,branded,2022-06-30,success,2011-04-09 03:00:00+03:00,2026-01-24 02:00:00+02:00,773,
set for life,american eagle outfitters,Lottery Corporation LimitedD,branded,2022-06-30,success,2011-04-09 03:00:00+03:00,2026-01-24 02:00:00+02:00,773,
keno,answear,Lottery Corporation LimitedD,branded,2022-06-30,success,2011-04-09 03:00:00+03:00,2026-01-24 02:00:00+02:00,773,
instant scratch its,card factory,Lottery Corporation LimitedD,branded,2022-06-30,success,2011-04-09 03:00:00+03:00,2026-01-24 02:00:00+02:00,773,
tabcorp,card factory,Tabcorp Holdings LimitedD,branded,2013-12-31,success,2011-04-09 03:00:00+03:00,2026-01-24 02:00:00+02:00,773,
tab,mister car wash,Tabcorp Holdings LimitedD,branded,2013-12-31,success,2011-04-09 03:00:00+03:00,2026-01-24 02:00:00+02:00,773,
keno,boot barn,Tabcorp Holdings LimitedD,branded,2013-12-31,success,2011-04-09 03:00:00+03:00,2026-01-24 02:00:00+02:00,773,
luxbet,trustpilot,Tabcorp Holdings LimitedD,branded,2013-12-31,success,2011-04-09 03:00:00+03:00,2026-01-24 02:00:00+02:00,773,
sky racing,american eagle outfitters,Tabcorp Holdings LimitedD,branded,2013-12-31,success,2011-04-09 03:00:00+03:00,2026-01-24 02:00:00+02:00,773,
tattsbet,under armour,Tabcorp Holdings LimitedD,branded,2013-12-31,success,2011-04-09 03:00:00+03:00,2026-01-24 02:00:00+02:00,773,
ubet,american eagle outfitters,Tabcorp Holdings LimitedD,branded,2013-12-31,success,2011-04-09 03:00:00+03:00,2026-01-24 02:00:00+02:00,773,
the lott,sandro,Tabcorp Holdings LimitedD,branded,2013-12-31,success,2011-04-09 03:00:00+03:00,2026-01-24 02:00:00+02:00,773,
oz lotto,card factory,Tabcorp Holdings LimitedD,branded,2013-12-31,success,2011-04-09 03:00:00+03:00,2026-01-24 02:00:00+02:00,773,
powerball,boot barn,Tabcorp Holdings LimitedD,branded,2013-12-31,success,2011-04-09 03:00:00+03:00,2026-01-24 02:00:00+02:00,773,
shine lawyers,trustpilot,Shine Justice Ltd.D,branded,2015-12-31,success,2011-04-09 03:00:00+03:00,2026-01-24 02:00:00+02:00,773,
bradley bayly legal,webjet,Shine Justice Ltd.D,branded,2015-12-31,success,2016-03-05 02:00:00+02:00,2026-01-24 02:00:00+02:00,517,
law partners,sandro,Shine Justice Ltd.D,branded,2015-12-31,success,2011-04-09 03:00:00+03:00,2026-01-24 02:00:00+02:00,773,
the star sydney,mister car wash,Star Entertainment Group LimitedD,branded,2013-12-31,success,2011-04-09 03:00:00+03:00,2026-01-24 02:00:00+02:00,773,
the star gold coast,sandro,Star Entertainment Group LimitedD,branded,2013-12-31,success,2011-04-09 03:00:00+03:00,2026-01-24 02:00:00+02:00,773,
treasury brisbane,card factory,Star Entertainment Group LimitedD,branded,2013-12-31,success,2011-04-09 03:00:00+03:00,2026-01-24 02:00:00+02:00,773,
the star brisbane,mister car wash,Star Entertainment Group LimitedD,branded,2013-12-31,success,2011-04-09 03:00:00+03:00,2026-01-24 02:00:00+02:00,773,
just jeans,mister car wash,Premier Investments LimitedD,branded,2014-01-31,success,2011-04-09 03:00:00+03:00,2026-01-24 02:00:00+02:00,773,
jay jays,mister car wash,Premier Investments LimitedD,branded,2014-01-31,success,2011-04-09 03:00:00+03:00,2026-01-24 02:00:00+02:00,773,
portmans,trustpilot,Premier Investments LimitedD,branded,2014-01-31,success,2011-04-09 03:00:00+03:00,2026-01-24 02:00:00+02:00,773,
dotti,webjet,Premier Investments LimitedD,branded,2014-01-31,success,2011-04-09 03:00:00+03:00,2026-01-24 02:00:00+02:00,773,
smiggle,card factory,Premier Investments LimitedD,branded,2014-01-31,success,2011-04-09 03:00:00+03:00,2026-01-24 02:00:00+02:00,773,
peter alexander,boot barn,Premier Investments LimitedD,branded,2014-01-31,success,2011-04-09 03:00:00+03:00,2026-01-24 02:00:00+02:00,773,
tobin brothers funerals,sandro,Propel Funeral Partners Ltd.D,branded,2023-06-30,success,2011-04-09 03:00:00+03:00,2026-01-24 02:00:00+02:00,773,
george hartnett funerals,card factory,Propel Funeral Partners Ltd.D,branded,2023-06-30,success,2011-04-09 03:00:00+03:00,2026-01-24 02:00:00+02:00,773,
state of grace funerals,american eagle outfitters,Propel Funeral Partners Ltd.D,branded,2023-06-30,success,2016-03-05 02:00:00+02:00,2026-01-24 02:00:00+02:00,517,
lester & son funeral directors,answear,Propel Funeral Partners Ltd.D,branded,2023-06-30,success,2016-03-05 02:00:00+02:00,2026-01-24 02:00:00+02:00,517,
alex gow funerals,answear,Propel Funeral Partners Ltd.D,branded,2023-06-30,success,2011-04-09 03:00:00+03:00,2026-01-24 02:00:00+02:00,773,
newhaven funerals,answear,Propel Funeral Partners Ltd.D,branded,2023-06-30,success,2016-03-05 02:00:00+02:00,2026-01-24 02:00:00+02:00,517,
pointsbet,boot barn,PointsBet Holdings Ltd.D,branded,2021-06-30,success,2011-04-09 03:00:00+03:00,2026-01-24 02:00:00+02:00,773,
mader group,card factory,Mader Group LtdD,branded,2022-06-30,success,2011-04-09 03:00:00+03:00,2026-01-24 02:00:00+02:00,773,
scientific games,mister car wash,"Light & Wonder, Inc. Shs Chess Depository Interests Repr 1 ShDDR",branded,2019-06-30,success,2011-04-09 03:00:00+03:00,2026-01-24 02:00:00+02:00,773,
light & wonder,mister car wash,"Light & Wonder, Inc. Shs Chess Depository Interests Repr 1 ShDDR",branded,2019-06-30,success,2016-03-05 02:00:00+02:00,2026-01-24 02:00:00+02:00,517,
wms,answear,"Light & Wonder, Inc. Shs Chess Depository Interests Repr 1 ShDDR",branded,2019-06-30,success,2011-04-09 03:00:00+03:00,2026-01-24 02:00:00+02:00,773,
bally,card factory,"Light & Wonder, Inc. Shs Chess Depository Interests Repr 1 ShDDR",branded,2019-06-30,success,2011-04-09 03:00:00+03:00,2026-01-24 02:00:00+02:00,773,
shuffle master,card factory,"Light & Wonder, Inc. Shs Chess Depository Interests Repr 1 ShDDR",branded,2019-06-30,failed,,,0,"Oxylabs API error: 204 (x-oxylabs-job-id=7420869848164511745) | keyword='shuffle master', date_from='2016-02-28', date_to='2021-02-27' | No Content"
barcrest,card factory,"Light & Wonder, Inc. Shs Chess Depository Interests Repr 1 ShDDR",branded,2019-06-30,success,2011-04-09 03:00:00+03:00,2026-01-24 02:00:00+02:00,773,
nyx gaming group,webjet,"Light & Wonder, Inc. Shs Chess Depository Interests Repr 1 ShDDR",branded,2019-06-30,success,2011-04-09 03:00:00+03:00,2026-01-24 02:00:00+02:00,773,
sg digital,sandro,"Light & Wonder, Inc. Shs Chess Depository Interests Repr 1 ShDDR",branded,2019-06-30,success,2011-04-09 03:00:00+03:00,2026-01-24 02:00:00+02:00,773,
kogan.com,sandro,Kogan.com Ltd.D,branded,2016-06-30,success,2011-04-09 03:00:00+03:00,2026-01-24 02:00:00+02:00,773,
kogan mobile,card factory,Kogan.com Ltd.D,branded,2016-06-30,success,2011-04-09 03:00:00+03:00,2026-01-24 02:00:00+02:00,773,
kogan internet,trustpilot,Kogan.com Ltd.D,branded,2016-06-30,success,2011-04-09 03:00:00+03:00,2026-01-24 02:00:00+02:00,773,
kogan travel,card factory,Kogan.com Ltd.D,branded,2016-06-30,success,2011-04-09 03:00:00+03:00,2026-01-24 02:00:00+02:00,773,
kogan insurance,answear,Kogan.com Ltd.D,branded,2016-06-30,success,2011-04-09 03:00:00+03:00,2026-01-24 02:00:00+02:00,773,
kogan money,trustpilot,Kogan.com Ltd.D,branded,2016-06-30,success,2011-04-09 03:00:00+03:00,2026-01-24 02:00:00+02:00,773,
kogan energy,card factory,Kogan.com Ltd.D,branded,2016-06-30,success,2011-04-09 03:00:00+03:00,2026-01-24 02:00:00+02:00,773,
dick smith,under armour,Kogan.com Ltd.D,branded,2016-06-30,success,2011-04-09 03:00:00+03:00,2026-01-24 02:00:00+02:00,773,
mighty ape,card factory,Kogan.com Ltd.D,branded,2016-06-30,success,2011-04-09 03:00:00+03:00,2026-01-24 02:00:00+02:00,773,
ozlotteriescom,webjet,Jumbo Interactive LimitedD,branded,2019-06-30,NOT_NORMALIZED,,,0,No data for ozlotteriescom in window 1
gatherwell,mister car wash,Jumbo Interactive LimitedD,branded,2019-06-30,success,2011-04-09 03:00:00+03:00,2026-01-24 02:00:00+02:00,773,
idp education,under armour,IDP Education Ltd.D,branded,2020-06-30,success,2011-04-09 03:00:00+03:00,2026-01-24 02:00:00+02:00,773,
ielts,trustpilot,IDP Education Ltd.D,branded,2020-06-30,success,2011-04-09 03:00:00+03:00,2026-01-24 02:00:00+02:00,773,
hotcourses,under armour,IDP Education Ltd.D,branded,2020-06-30,success,2011-04-09 03:00:00+03:00,2026-01-24 02:00:00+02:00,773,
helloworld travel,webjet,Helloworld Travel LtdD,branded,2013-12-31,success,2011-04-09 03:00:00+03:00,2026-01-24 02:00:00+02:00,773,
helloworld business travel,trustpilot,Helloworld Travel LtdD,branded,2013-12-31,success,2021-01-30 02:00:00+02:00,2026-01-24 02:00:00+02:00,261,
travelmanagers,sandro,Helloworld Travel LtdD,branded,2013-12-31,success,2011-04-09 03:00:00+03:00,2026-01-24 02:00:00+02:00,773,
sunlover holidays,boot barn,Helloworld Travel LtdD,branded,2013-12-31,success,2011-04-09 03:00:00+03:00,2026-01-24 02:00:00+02:00,773,
viva holidays,mister car wash,Helloworld Travel LtdD,branded,2013-12-31,success,2011-04-09 03:00:00+03:00,2026-01-24 02:00:00+02:00,773,
cruise express,card factory,Helloworld Travel LtdD,branded,2013-12-31,success,2011-04-09 03:00:00+03:00,2026-01-24 02:00:00+02:00,773,
go holidays,trustpilot,Helloworld Travel LtdD,branded,2013-12-31,success,2011-04-09 03:00:00+03:00,2026-01-24 02:00:00+02:00,773,
aa travel,mister car wash,Helloworld Travel LtdD,branded,2013-12-31,success,2011-04-09 03:00:00+03:00,2026-01-24 02:00:00+02:00,773,
the travel brokers,trustpilot,Helloworld Travel LtdD,branded,2013-12-31,success,2011-04-09 03:00:00+03:00,2026-01-24 02:00:00+02:00,773,
guzman y gomez,answear,Guzman y Gomez Ltd.D,branded,2010-01-31,success,2011-04-09 03:00:00+03:00,2026-01-24 02:00:00+02:00,773,
globe,mister car wash,Globe International LimitedD,branded,2010-01-31,success,2011-04-09 03:00:00+03:00,2026-01-24 02:00:00+02:00,773,
enjoi,card factory,Globe International LimitedD,branded,2010-01-31,success,2011-04-09 03:00:00+03:00,2026-01-24 02:00:00+02:00,773,
almost skateboards,under armour,Globe International LimitedD,branded,2010-01-31,success,2011-04-09 03:00:00+03:00,2026-01-24 02:00:00+02:00,773,
blind skateboards,sandro,Globe International LimitedD,branded,2010-01-31,success,2011-04-09 03:00:00+03:00,2026-01-24 02:00:00+02:00,773,
darkstar skateboards,boot barn,Globe International LimitedD,branded,2010-01-31,success,2011-04-09 03:00:00+03:00,2026-01-24 02:00:00+02:00,773,
superior skateboards,card factory,Globe International LimitedD,branded,2010-01-31,success,2011-04-09 03:00:00+03:00,2026-01-24 02:00:00+02:00,773,
tensor trucks,american eagle outfitters,Globe International LimitedD,branded,2010-01-31,success,2011-04-09 03:00:00+03:00,2026-01-24 02:00:00+02:00,773,
andale bearings,boot barn,Globe International LimitedD,branded,2010-01-31,success,2011-04-09 03:00:00+03:00,2026-01-24 02:00:00+02:00,773,
madness skateboards,card factory,Globe International LimitedD,branded,2010-01-31,success,2011-04-09 03:00:00+03:00,2026-01-24 02:00:00+02:00,773,
speed demons,trustpilot,Globe International LimitedD,branded,2010-01-31,success,2011-04-09 03:00:00+03:00,2026-01-24 02:00:00+02:00,773,
impala skate,answear,Globe International LimitedD,branded,2010-01-31,success,2016-03-05 02:00:00+02:00,2026-01-24 02:00:00+02:00,517,
fxd workwear,card factory,Globe International LimitedD,branded,2010-01-31,success,2011-04-09 03:00:00+03:00,2026-01-24 02:00:00+02:00,773,
salty crew,sandro,Globe International LimitedD,branded,2010-01-31,success,2011-04-09 03:00:00+03:00,2026-01-24 02:00:00+02:00,773,
mambo,mister car wash,Globe International LimitedD,branded,2010-01-31,success,2011-04-09 03:00:00+03:00,2026-01-24 02:00:00+02:00,773,
community kids childcare centres,american eagle outfitters,G8 Education LimitedD,branded,2014-12-31,success,2011-04-09 03:00:00+03:00,2026-01-24 02:00:00+02:00,773,
early learning services,webjet,G8 Education LimitedD,branded,2014-12-31,success,2011-04-09 03:00:00+03:00,2026-01-24 02:00:00+02:00,773,
headstart early learning centre,sandro,G8 Education LimitedD,branded,2014-12-31,success,2011-04-09 03:00:00+03:00,2026-01-24 02:00:00+02:00,773,
jellybeans child care,under armour,G8 Education LimitedD,branded,2014-12-31,success,2011-04-09 03:00:00+03:00,2026-01-24 02:00:00+02:00,773,
the learning sanctuary,under armour,G8 Education LimitedD,branded,2014-12-31,success,2011-04-09 03:00:00+03:00,2026-01-24 02:00:00+02:00,773,
pelican's nest early learning centre,mister car wash,G8 Education LimitedD,branded,2014-12-31,NOT_NORMALIZED,,,0,No data for pelican's nest early learning centre in window 1
world of learning,card factory,G8 Education LimitedD,branded,2014-12-31,success,2011-04-09 03:00:00+03:00,2026-01-24 02:00:00+02:00,773,
great beginnings,mister car wash,G8 Education LimitedD,branded,2014-12-31,success,2011-04-09 03:00:00+03:00,2026-01-24 02:00:00+02:00,773,
first grammar,mister car wash,G8 Education LimitedD,branded,2014-12-31,success,2011-04-09 03:00:00+03:00,2026-01-24 02:00:00+02:00,773,
nurtureone,mister car wash,G8 Education LimitedD,branded,2014-12-31,success,2011-04-09 03:00:00+03:00,2026-01-24 02:00:00+02:00,773,
flight centre,answear,Flight Centre Travel Group LimitedD,branded,2013-12-31,success,2011-04-09 03:00:00+03:00,2026-01-24 02:00:00+02:00,773,
student flights,boot barn,Flight Centre Travel Group LimitedD,branded,2013-12-31,success,2011-04-09 03:00:00+03:00,2026-01-24 02:00:00+02:00,773,
travel associates,card factory,Flight Centre Travel Group LimitedD,branded,2013-12-31,success,2011-04-09 03:00:00+03:00,2026-01-24 02:00:00+02:00,773,
escape travel,american eagle outfitters,Flight Centre Travel Group LimitedD,branded,2013-12-31,success,2011-04-09 03:00:00+03:00,2026-01-24 02:00:00+02:00,773,
cruiseabout,webjet,Flight Centre Travel Group LimitedD,branded,2013-12-31,success,2011-04-09 03:00:00+03:00,2026-01-24 02:00:00+02:00,773,
corporate traveller,under armour,Flight Centre Travel Group LimitedD,branded,2013-12-31,success,2011-04-09 03:00:00+03:00,2026-01-24 02:00:00+02:00,773,
fcm travel solutions,mister car wash,Flight Centre Travel Group LimitedD,branded,2013-12-31,success,2011-04-09 03:00:00+03:00,2026-01-24 02:00:00+02:00,773,
aunt betty,trustpilot,Flight Centre Travel Group LimitedD,branded,2013-12-31,success,2011-04-09 03:00:00+03:00,2026-01-24 02:00:00+02:00,773,
ignite holidays,sandro,Flight Centre Travel Group LimitedD,branded,2013-12-31,success,2011-04-09 03:00:00+03:00,2026-01-24 02:00:00+02:00,773,
byojet,answear,Flight Centre Travel Group LimitedD,branded,2013-12-31,success,2011-04-09 03:00:00+03:00,2026-01-24 02:00:00+02:00,773,
universal traveller,under armour,Flight Centre Travel Group LimitedD,branded,2013-12-31,success,2011-04-09 03:00:00+03:00,2026-01-24 02:00:00+02:00,773,
experience co,trustpilot,Experience Co LtdD,branded,2017-06-30,success,2011-04-09 03:00:00+03:00,2026-01-24 02:00:00+02:00,773,
skydive australia,card factory,Experience Co LtdD,branded,2017-06-30,success,2011-04-09 03:00:00+03:00,2026-01-24 02:00:00+02:00,773,
raging thunder adventures,boot barn,Experience Co LtdD,branded,2017-06-30,success,2021-01-30 02:00:00+02:00,2026-01-24 02:00:00+02:00,261,
reef magic cruises,under armour,Experience Co LtdD,branded,2017-06-30,success,2011-04-09 03:00:00+03:00,2026-01-24 02:00:00+02:00,773,
big cat green island reef cruises,card factory,Experience Co LtdD,branded,2017-06-30,success,2021-01-30 02:00:00+02:00,2026-01-24 02:00:00+02:00,261,
gbr helicopters,sandro,Experience Co LtdD,branded,2017-06-30,success,2011-04-09 03:00:00+03:00,2026-01-24 02:00:00+02:00,773,
treetops adventure parks,under armour,Experience Co LtdD,branded,2017-06-30,success,2021-01-30 02:00:00+02:00,2026-01-24 02:00:00+02:00,261,
calypso reef cruises,mister car wash,Experience Co LtdD,branded,2017-06-30,success,2011-04-09 03:00:00+03:00,2026-01-24 02:00:00+02:00,773,
dive port douglas,american eagle outfitters,Experience Co LtdD,branded,2017-06-30,success,2011-04-09 03:00:00+03:00,2026-01-24 02:00:00+02:00,773,
bath & body works,webjet,LimitedD,branded,2019-12-31,success,2011-04-09 03:00:00+03:00,2026-01-24 02:00:00+02:00,773,
victoria's secret,sandro,LimitedD,branded,2019-12-31,success,2011-04-09 03:00:00+03:00,2026-01-24 02:00:00+02:00,773,
pink,webjet,LimitedD,branded,2019-12-31,success,2011-04-09 03:00:00+03:00,2026-01-24 02:00:00+02:00,773,
henri bendel,under armour,LimitedD,branded,2019-12-31,success,2011-04-09 03:00:00+03:00,2026-01-24 02:00:00+02:00,773,
la senza,trustpilot,LimitedD,branded,2019-12-31,success,2011-04-09 03:00:00+03:00,2026-01-24 02:00:00+02:00,773,
c o bigelow,under armour,LimitedD,branded,2019-12-31,success,2011-04-09 03:00:00+03:00,2026-01-24 02:00:00+02:00,773,
embark early education,mister car wash,Embark Early Education LimitedD,branded,2010-01-31,success,2011-04-09 03:00:00+03:00,2026-01-24 02:00:00+02:00,773,
little crickets nursery,under armour,Embark Early Education LimitedD,branded,2010-01-31,success,2011-04-09 03:00:00+03:00,2026-01-24 02:00:00+02:00,773,
first steps nursery,webjet,Embark Early Education LimitedD,branded,2010-01-31,success,2011-04-09 03:00:00+03:00,2026-01-24 02:00:00+02:00,773,
chuckle bunnies day nursery,sandro,Embark Early Education LimitedD,branded,2010-01-31,NOT_NORMALIZED,,,0,No data for chuckle bunnies day nursery in window 1
bright sparks day nursery,sandro,Embark Early Education LimitedD,branded,2010-01-31,success,2011-04-09 03:00:00+03:00,2026-01-24 02:00:00+02:00,773,
bluebell hill day nursery,card factory,Embark Early Education LimitedD,branded,2010-01-31,success,2021-01-30 02:00:00+02:00,2026-01-24 02:00:00+02:00,261,
busy bees day nursery,webjet,Embark Early Education LimitedD,branded,2010-01-31,success,2011-04-09 03:00:00+03:00,2026-01-24 02:00:00+02:00,773,
cherry trees day nursery,answear,Embark Early Education LimitedD,branded,2010-01-31,success,2021-01-30 02:00:00+02:00,2026-01-24 02:00:00+02:00,261,
the learning tree day nursery,sandro,Embark Early Education LimitedD,branded,2010-01-31,success,2016-03-05 02:00:00+02:00,2026-01-24 02:00:00+02:00,517,
tiny teddies day nursery,boot barn,Embark Early Education LimitedD,branded,2010-01-31,NOT_NORMALIZED,,,0,No data for tiny teddies day nursery in window 1
woodlands day nursery,sandro,Embark Early Education LimitedD,branded,2010-01-31,success,2011-04-09 03:00:00+03:00,2026-01-24 02:00:00+02:00,773,
monkey puzzle day nursery,card factory,Embark Early Education LimitedD,branded,2010-01-31,success,2011-04-09 03:00:00+03:00,2026-01-24 02:00:00+02:00,773,
kfc,webjet,Collins Foods LimitedD,branded,2016-04-30,success,2011-04-09 03:00:00+03:00,2026-01-24 02:00:00+02:00,773,
taco bell,american eagle outfitters,Collins Foods LimitedD,branded,2016-04-30,success,2011-04-09 03:00:00+03:00,2026-01-24 02:00:00+02:00,773,
sizzler,under armour,Collins Foods LimitedD,branded,2016-04-30,success,2011-04-09 03:00:00+03:00,2026-01-24 02:00:00+02:00,773,
village roadshow,card factory,Coast Entertainment Holdings LtdD,branded,2010-01-31,success,2011-04-09 03:00:00+03:00,2026-01-24 02:00:00+02:00,773,
village cinemas,card factory,Coast Entertainment Holdings LtdD,branded,2010-01-31,success,2011-04-09 03:00:00+03:00,2026-01-24 02:00:00+02:00,773,
roadshow films,mister car wash,Coast Entertainment Holdings LtdD,branded,2010-01-31,success,2011-04-09 03:00:00+03:00,2026-01-24 02:00:00+02:00,773,
sea world,american eagle outfitters,Coast Entertainment Holdings LtdD,branded,2010-01-31,success,2011-04-09 03:00:00+03:00,2026-01-24 02:00:00+02:00,773,
warner bros movie world,trustpilot,Coast Entertainment Holdings LtdD,branded,2010-01-31,success,2011-04-09 03:00:00+03:00,2026-01-24 02:00:00+02:00,773,
wet'n'wild gold coast,answear,Coast Entertainment Holdings LtdD,branded,2010-01-31,success,2016-03-05 02:00:00+02:00,2026-01-24 02:00:00+02:00,517,
paradise country,under armour,Coast Entertainment Holdings LtdD,branded,2010-01-31,success,2011-04-09 03:00:00+03:00,2026-01-24 02:00:00+02:00,773,
australian outback spectacular,sandro,Coast Entertainment Holdings LtdD,branded,2010-01-31,success,2011-04-09 03:00:00+03:00,2026-01-24 02:00:00+02:00,773,
topgolf gold coast,boot barn,Coast Entertainment Holdings LtdD,branded,2010-01-31,success,2016-03-05 02:00:00+02:00,2026-01-24 02:00:00+02:00,517,
breville,answear,Breville Group LimitedD,branded,2014-06-30,success,2011-04-09 03:00:00+03:00,2026-01-24 02:00:00+02:00,773,
sage appliances,card factory,Breville Group LimitedD,branded,2014-06-30,success,2011-04-09 03:00:00+03:00,2026-01-24 02:00:00+02:00,773,
baratza,answear,Breville Group LimitedD,branded,2014-06-30,success,2011-04-09 03:00:00+03:00,2026-01-24 02:00:00+02:00,773,
lelit,under armour,Breville Group LimitedD,branded,2014-06-30,success,2011-04-09 03:00:00+03:00,2026-01-24 02:00:00+02:00,773,
baby bunting,webjet,Baby Bunting Group Ltd.D,branded,2010-01-31,success,2011-04-09 03:00:00+03:00,2026-01-24 02:00:00+02:00,773,
4baby,sandro,Baby Bunting Group Ltd.D,branded,2010-01-31,success,2011-04-09 03:00:00+03:00,2026-01-24 02:00:00+02:00,773,
brisbane broncos,sandro,Brisbane Broncos LimitedD,branded,2010-01-31,success,2011-04-09 03:00:00+03:00,2026-01-24 02:00:00+02:00,773,
atlas pearls,american eagle outfitters,Atlas Pearls LtdD,branded,2010-01-31,success,2011-04-09 03:00:00+03:00,2026-01-24 02:00:00+02:00,773,
articore group,american eagle outfitters,Articore Group LimitedD,branded,2018-06-30,success,2016-03-05 02:00:00+02:00,2026-01-24 02:00:00+02:00,517,
imagination technologies,trustpilot,Articore Group LimitedD,branded,2018-06-30,success,2011-04-09 03:00:00+03:00,2026-01-24 02:00:00+02:00,773,
powervr,answear,Articore Group LimitedD,branded,2018-06-30,success,2011-04-09 03:00:00+03:00,2026-01-24 02:00:00+02:00,773,
img ai,card factory,Articore Group LimitedD,branded,2018-06-30,success,2011-04-09 03:00:00+03:00,2026-01-24 02:00:00+02:00,773,
img connectivity,webjet,Articore Group LimitedD,branded,2018-06-30,success,2011-04-09 03:00:00+03:00,2026-01-24 02:00:00+02:00,773,
ainsworth,webjet,Ainsworth Game Technology LimitedD,branded,2013-12-31,success,2011-04-09 03:00:00+03:00,2026-01-24 02:00:00+02:00,773,
lavrio b.c.,under armour,GR. ANTIS S.A.D,branded,2010-03-31,NOT_NORMALIZED,,,0,No data for lavrio b.c. in window 1
papoutsanis,webjet,Papoutsanis SAD,branded,2010-01-31,success,2011-04-09 03:00:00+03:00,2026-01-24 02:00:00+02:00,773,
olivia,sandro,Papoutsanis SAD,branded,2010-01-31,success,2011-04-09 03:00:00+03:00,2026-01-24 02:00:00+02:00,773,
karavaki,trustpilot,Papoutsanis SAD,branded,2010-01-31,failed,,,0,"Oxylabs API error: 204 (x-oxylabs-job-id=7420883891935793154) | keyword='karavaki', date_from='2011-04-05', date_to='2016-04-04' | No Content"
aromatics,card factory,Papoutsanis SAD,branded,2010-01-31,success,2011-04-09 03:00:00+03:00,2026-01-24 02:00:00+02:00,773,
skin essentials,sandro,Papoutsanis SAD,branded,2010-01-31,success,2011-04-09 03:00:00+03:00,2026-01-24 02:00:00+02:00,773,
opap,boot barn,Greek Organisation of Football Prognostics SAD,branded,2010-06-30,success,2011-04-09 03:00:00+03:00,2026-01-24 02:00:00+02:00,773,
pame stoixima,card factory,Greek Organisation of Football Prognostics SAD,branded,2010-06-30,success,2011-04-09 03:00:00+03:00,2026-01-24 02:00:00+02:00,773,
lotto,card factory,Greek Organisation of Football Prognostics SAD,branded,2010-06-30,success,2011-04-09 03:00:00+03:00,2026-01-24 02:00:00+02:00,773,
joker,american eagle outfitters,Greek Organisation of Football Prognostics SAD,branded,2010-06-30,success,2011-04-09 03:00:00+03:00,2026-01-24 02:00:00+02:00,773,
kinό,boot barn,Greek Organisation of Football Prognostics SAD,branded,2010-06-30,NOT_NORMALIZED,,,0,No data for kinό in window 1
scratch,american eagle outfitters,Greek Organisation of Football Prognostics SAD,branded,2010-06-30,success,2011-04-09 03:00:00+03:00,2026-01-24 02:00:00+02:00,773,
pamestoixima.gr,american eagle outfitters,Greek Organisation of Football Prognostics SAD,branded,2010-06-30,success,2011-04-09 03:00:00+03:00,2026-01-24 02:00:00+02:00,773,
the ilisia hotel,answear,Onyx Touristiki S.A.D,branded,2010-01-31,success,2011-04-09 03:00:00+03:00,2026-01-24 02:00:00+02:00,773,
grand hyatt athens,american eagle outfitters,Onyx Touristiki S.A.D,branded,2010-01-31,success,2016-03-05 02:00:00+02:00,2026-01-24 02:00:00+02:00,517,
kult,under armour,Fais Holding Societe AnonymeD,branded,2010-01-31,success,2011-04-09 03:00:00+03:00,2026-01-24 02:00:00+02:00,773,
collective,under armour,Fais Holding Societe AnonymeD,branded,2010-01-31,success,2011-04-09 03:00:00+03:00,2026-01-24 02:00:00+02:00,773,
free shop,boot barn,Fais Holding Societe AnonymeD,branded,2010-01-31,success,2011-04-09 03:00:00+03:00,2026-01-24 02:00:00+02:00,773,
simple car,boot barn,Fais Holding Societe AnonymeD,branded,2010-01-31,success,2011-04-09 03:00:00+03:00,2026-01-24 02:00:00+02:00,773,
simple travel,card factory,Fais Holding Societe AnonymeD,branded,2010-01-31,success,2011-04-09 03:00:00+03:00,2026-01-24 02:00:00+02:00,773,
simple airport parking,sandro,Fais Holding Societe AnonymeD,branded,2010-01-31,success,2011-04-09 03:00:00+03:00,2026-01-24 02:00:00+02:00,773,
simple city hotel,trustpilot,Fais Holding Societe AnonymeD,branded,2010-01-31,success,2011-04-09 03:00:00+03:00,2026-01-24 02:00:00+02:00,773,
as company,card factory,AS Company S.A.D,branded,2010-01-31,success,2011-04-09 03:00:00+03:00,2026-01-24 02:00:00+02:00,773,
playmobil,american eagle outfitters,AS Company S.A.D,branded,2010-01-31,success,2011-04-09 03:00:00+03:00,2026-01-24 02:00:00+02:00,773,
lego,card factory,AS Company S.A.D,branded,2010-01-31,success,2011-04-09 03:00:00+03:00,2026-01-24 02:00:00+02:00,773,
barbie,mister car wash,AS Company S.A.D,branded,2010-01-31,success,2011-04-09 03:00:00+03:00,2026-01-24 02:00:00+02:00,773,
hot wheels,american eagle outfitters,AS Company S.A.D,branded,2010-01-31,success,2011-04-09 03:00:00+03:00,2026-01-24 02:00:00+02:00,773,
fisher price,boot barn,AS Company S.A.D,branded,2010-01-31,success,2011-04-09 03:00:00+03:00,2026-01-24 02:00:00+02:00,773,
secuoya content group,american eagle outfitters,Secuoya Grupo de Comunicacion SAD,branded,2010-01-31,success,2016-03-05 02:00:00+02:00,2026-01-24 02:00:00+02:00,517,
secuoya studios,answear,Secuoya Grupo de Comunicacion SAD,branded,2010-01-31,success,2011-04-09 03:00:00+03:00,2026-01-24 02:00:00+02:00,773,
cbm,sandro,Secuoya Grupo de Comunicacion SAD,branded,2010-01-31,success,2011-04-09 03:00:00+03:00,2026-01-24 02:00:00+02:00,773,
drago produccion,trustpilot,Secuoya Grupo de Comunicacion SAD,branded,2010-01-31,success,2016-03-05 02:00:00+02:00,2026-01-24 02:00:00+02:00,517,
wikeno,webjet,Secuoya Grupo de Comunicacion SAD,branded,2010-01-31,success,2021-01-30 02:00:00+02:00,2026-01-24 02:00:00+02:00,261,
grupo zzj,boot barn,Secuoya Grupo de Comunicacion SAD,branded,2010-01-31,success,2011-04-09 03:00:00+03:00,2026-01-24 02:00:00+02:00,773,
unusual entertainment,boot barn,Secuoya Grupo de Comunicacion SAD,branded,2010-01-31,success,2011-04-09 03:00:00+03:00,2026-01-24 02:00:00+02:00,773,
carolina herrera,trustpilot,"Puig Brands, S.A. Class BD",branded,2010-01-31,success,2011-04-09 03:00:00+03:00,2026-01-24 02:00:00+02:00,773,
paco rabanne,boot barn,"Puig Brands, S.A. Class BD",branded,2010-01-31,success,2011-04-09 03:00:00+03:00,2026-01-24 02:00:00+02:00,773,
jean paul gaultier,sandro,"Puig Brands, S.A. Class BD",branded,2010-01-31,success,2011-04-09 03:00:00+03:00,2026-01-24 02:00:00+02:00,773,
nina ricci,card factory,"Puig Brands, S.A. Class BD",branded,2010-01-31,success,2011-04-09 03:00:00+03:00,2026-01-24 02:00:00+02:00,773,
dries van noten,trustpilot,"Puig Brands, S.A. Class BD",branded,2010-01-31,success,2011-04-09 03:00:00+03:00,2026-01-24 02:00:00+02:00,773,
christian louboutin beauty,card factory,"Puig Brands, S.A. Class BD",branded,2010-01-31,success,2011-04-09 03:00:00+03:00,2026-01-24 02:00:00+02:00,773,
byredo,boot barn,"Puig Brands, S.A. Class BD",branded,2010-01-31,success,2011-04-09 03:00:00+03:00,2026-01-24 02:00:00+02:00,773,
lartisan parfumeur,answear,"Puig Brands, S.A. Class BD",branded,2010-01-31,success,2016-03-05 02:00:00+02:00,2026-01-24 02:00:00+02:00,517,
penhaligons,card factory,"Puig Brands, S.A. Class BD",branded,2010-01-31,success,2011-04-09 03:00:00+03:00,2026-01-24 02:00:00+02:00,773,
charlotte tilbury,under armour,"Puig Brands, S.A. Class BD",branded,2010-01-31,success,2011-04-09 03:00:00+03:00,2026-01-24 02:00:00+02:00,773,
apivita,boot barn,"Puig Brands, S.A. Class BD",branded,2010-01-31,success,2011-04-09 03:00:00+03:00,2026-01-24 02:00:00+02:00,773,
kama ayurveda,mister car wash,"Puig Brands, S.A. Class BD",branded,2010-01-31,success,2011-04-09 03:00:00+03:00,2026-01-24 02:00:00+02:00,773,
nxt,card factory,"Nueva Expresion Textil, S.A.D",branded,2010-01-31,success,2011-04-09 03:00:00+03:00,2026-01-24 02:00:00+02:00,773,
fluidra,american eagle outfitters,"Fluidra, S.A.D",branded,2012-03-31,success,2011-04-09 03:00:00+03:00,2026-01-24 02:00:00+02:00,773,
astralpool,answear,"Fluidra, S.A.D",branded,2012-03-31,success,2011-04-09 03:00:00+03:00,2026-01-24 02:00:00+02:00,773,
zodiac,answear,"Fluidra, S.A.D",branded,2012-03-31,success,2011-04-09 03:00:00+03:00,2026-01-24 02:00:00+02:00,773,
jandy,card factory,"Fluidra, S.A.D",branded,2012-03-31,success,2011-04-09 03:00:00+03:00,2026-01-24 02:00:00+02:00,773,
polaris,webjet,"Fluidra, S.A.D",branded,2012-03-31,success,2011-04-09 03:00:00+03:00,2026-01-24 02:00:00+02:00,773,
gre,trustpilot,"Fluidra, S.A.D",branded,2012-03-31,success,2011-04-09 03:00:00+03:00,2026-01-24 02:00:00+02:00,773,
cepex,card factory,"Fluidra, S.A.D",branded,2012-03-31,success,2011-04-09 03:00:00+03:00,2026-01-24 02:00:00+02:00,773,
ctx,answear,"Fluidra, S.A.D",branded,2012-03-31,success,2011-04-09 03:00:00+03:00,2026-01-24 02:00:00+02:00,773,
edreams,boot barn,eDreams ODIGEOD,branded,2016-03-31,success,2011-04-09 03:00:00+03:00,2026-01-24 02:00:00+02:00,773,
opodo,answear,eDreams ODIGEOD,branded,2016-03-31,success,2011-04-09 03:00:00+03:00,2026-01-24 02:00:00+02:00,773,
go voyages,under armour,eDreams ODIGEOD,branded,2016-03-31,success,2011-04-09 03:00:00+03:00,2026-01-24 02:00:00+02:00,773,
travellink,boot barn,eDreams ODIGEOD,branded,2016-03-31,success,2011-04-09 03:00:00+03:00,2026-01-24 02:00:00+02:00,773,
liligo,mister car wash,eDreams ODIGEOD,branded,2016-03-31,success,2011-04-09 03:00:00+03:00,2026-01-24 02:00:00+02:00,773,
adolfo dominguez,webjet,"Adolfo Dominguez, S.A.D",branded,2010-01-31,success,2011-04-09 03:00:00+03:00,2026-01-24 02:00:00+02:00,773,
u by adolfo dominguez,mister car wash,"Adolfo Dominguez, S.A.D",branded,2010-01-31,success,2016-03-05 02:00:00+02:00,2026-01-24 02:00:00+02:00,517,
primadonna,card factory,Van de Velde NVD,branded,2010-01-31,success,2011-04-09 03:00:00+03:00,2026-01-24 02:00:00+02:00,773,
marie jo,american eagle outfitters,Van de Velde NVD,branded,2010-01-31,success,2011-04-09 03:00:00+03:00,2026-01-24 02:00:00+02:00,773,
andres sarda,trustpilot,Van de Velde NVD,branded,2010-01-31,success,2011-04-09 03:00:00+03:00,2026-01-24 02:00:00+02:00,773,
rigby & peller,under armour,Van de Velde NVD,branded,2010-01-31,success,2011-04-09 03:00:00+03:00,2026-01-24 02:00:00+02:00,773,
sandro,sandro,SMCP Group,branded,2010-01-31,success,2011-04-09 03:00:00+03:00,2026-01-24 02:00:00+02:00,773,
maje,american eagle outfitters,SMCP Group,branded,2010-01-31,success,2011-04-09 03:00:00+03:00,2026-01-24 02:00:00+02:00,773,
claudie pierlot,trustpilot,SMCP Group,branded,2010-01-31,success,2011-04-09 03:00:00+03:00,2026-01-24 02:00:00+02:00,773,
fursac,american eagle outfitters,SMCP Group,branded,2010-01-31,success,2011-04-09 03:00:00+03:00,2026-01-24 02:00:00+02:00,773,
sligro,card factory,Sligro Food Group N.V.D,branded,2013-12-31,success,2011-04-09 03:00:00+03:00,2026-01-24 02:00:00+02:00,773,
emté,boot barn,Sligro Food Group N.V.D,branded,2013-12-31,success,2011-04-09 03:00:00+03:00,2026-01-24 02:00:00+02:00,773,
java foodservice,sandro,Sligro Food Group N.V.D,branded,2013-12-31,success,2021-01-30 02:00:00+02:00,2026-01-24 02:00:00+02:00,261,
de kweker,trustpilot,Sligro Food Group N.V.D,branded,2013-12-31,success,2011-04-09 03:00:00+03:00,2026-01-24 02:00:00+02:00,773,
metro belgium,answear,Sligro Food Group N.V.D,branded,2013-12-31,success,2011-04-09 03:00:00+03:00,2026-01-24 02:00:00+02:00,773,
tefal,boot barn,Groupe SEB,branded,2017-12-31,success,2011-04-09 03:00:00+03:00,2026-01-24 02:00:00+02:00,773,
rowenta,webjet,Groupe SEB,branded,2017-12-31,success,2011-04-09 03:00:00+03:00,2026-01-24 02:00:00+02:00,773,
moulinex,mister car wash,Groupe SEB,branded,2017-12-31,success,2011-04-09 03:00:00+03:00,2026-01-24 02:00:00+02:00,773,
krups,under armour,Groupe SEB,branded,2017-12-31,success,2011-04-09 03:00:00+03:00,2026-01-24 02:00:00+02:00,773,
lagostina,american eagle outfitters,Groupe SEB,branded,2017-12-31,success,2011-04-09 03:00:00+03:00,2026-01-24 02:00:00+02:00,773,
all-clad,card factory,Groupe SEB,branded,2017-12-31,success,2011-04-09 03:00:00+03:00,2026-01-24 02:00:00+02:00,773,
wmf,sandro,Groupe SEB,branded,2017-12-31,success,2011-04-09 03:00:00+03:00,2026-01-24 02:00:00+02:00,773,
emsa,under armour,Groupe SEB,branded,2017-12-31,success,2011-04-09 03:00:00+03:00,2026-01-24 02:00:00+02:00,773,
supor,under armour,Groupe SEB,branded,2017-12-31,success,2011-04-09 03:00:00+03:00,2026-01-24 02:00:00+02:00,773,
obh nordica,boot barn,Groupe SEB,branded,2017-12-31,success,2011-04-09 03:00:00+03:00,2026-01-24 02:00:00+02:00,773,
calor,mister car wash,Groupe SEB,branded,2017-12-31,success,2011-04-09 03:00:00+03:00,2026-01-24 02:00:00+02:00,773,
roche bobois,boot barn,Roche Bobois SAD,branded,2010-01-31,success,2011-04-09 03:00:00+03:00,2026-01-24 02:00:00+02:00,773,
partouche,answear,Groupe Partouche SAD,branded,2010-01-31,success,2011-04-09 03:00:00+03:00,2026-01-24 02:00:00+02:00,773,
casinos partouche,answear,Groupe Partouche SAD,branded,2010-01-31,success,2011-04-09 03:00:00+03:00,2026-01-24 02:00:00+02:00,773,
hotels partouche,boot barn,Groupe Partouche SAD,branded,2010-01-31,success,2011-04-09 03:00:00+03:00,2026-01-24 02:00:00+02:00,773,
partouche online,boot barn,Groupe Partouche SAD,branded,2010-01-31,success,2021-01-30 02:00:00+02:00,2026-01-24 02:00:00+02:00,261,
helen harper,boot barn,Ontex Group N.V.D,branded,2014-06-30,success,2011-04-09 03:00:00+03:00,2026-01-24 02:00:00+02:00,773,
canbebe,webjet,Ontex Group N.V.D,branded,2014-06-30,success,2011-04-09 03:00:00+03:00,2026-01-24 02:00:00+02:00,773,
canped,boot barn,Ontex Group N.V.D,branded,2014-06-30,success,2011-04-09 03:00:00+03:00,2026-01-24 02:00:00+02:00,773,
serenity,sandro,Ontex Group N.V.D,branded,2014-06-30,success,2011-04-09 03:00:00+03:00,2026-01-24 02:00:00+02:00,773,
id,answear,Ontex Group N.V.D,branded,2014-06-30,success,2011-04-09 03:00:00+03:00,2026-01-24 02:00:00+02:00,773,
lille healthcare,card factory,Ontex Group N.V.D,branded,2014-06-30,success,2011-04-09 03:00:00+03:00,2026-01-24 02:00:00+02:00,773,
moltex,card factory,Ontex Group N.V.D,branded,2014-06-30,success,2011-04-09 03:00:00+03:00,2026-01-24 02:00:00+02:00,773,
fixies,card factory,Ontex Group N.V.D,branded,2014-06-30,success,2011-04-09 03:00:00+03:00,2026-01-24 02:00:00+02:00,773,
bio baby,boot barn,Ontex Group N.V.D,branded,2014-06-30,success,2011-04-09 03:00:00+03:00,2026-01-24 02:00:00+02:00,773,
kiddies,answear,Ontex Group N.V.D,branded,2014-06-30,success,2011-04-09 03:00:00+03:00,2026-01-24 02:00:00+02:00,773,
little big change,sandro,Ontex Group N.V.D,branded,2014-06-30,success,2011-04-09 03:00:00+03:00,2026-01-24 02:00:00+02:00,773,
hygisun,under armour,Ontex Group N.V.D,branded,2014-06-30,success,2011-04-09 03:00:00+03:00,2026-01-24 02:00:00+02:00,773,
kinepolis,trustpilot,Kinepolis Group NVD,branded,2018-12-31,success,2011-04-09 03:00:00+03:00,2026-01-24 02:00:00+02:00,773,
utopolis,trustpilot,Kinepolis Group NVD,branded,2018-12-31,success,2011-04-09 03:00:00+03:00,2026-01-24 02:00:00+02:00,773,
landmark cinemas,boot barn,Kinepolis Group NVD,branded,2018-12-31,success,2011-04-09 03:00:00+03:00,2026-01-24 02:00:00+02:00,773,
mjr digital cinemas,boot barn,Kinepolis Group NVD,branded,2018-12-31,success,2011-04-09 03:00:00+03:00,2026-01-24 02:00:00+02:00,773,
bogart,american eagle outfitters,Jacques Bogart SAD,branded,2010-01-31,success,2011-04-09 03:00:00+03:00,2026-01-24 02:00:00+02:00,773,
ted lapidus,card factory,Jacques Bogart SAD,branded,2010-01-31,success,2011-04-09 03:00:00+03:00,2026-01-24 02:00:00+02:00,773,
chevignon,mister car wash,Jacques Bogart SAD,branded,2010-01-31,success,2011-04-09 03:00:00+03:00,2026-01-24 02:00:00+02:00,773,
carven parfums,american eagle outfitters,Jacques Bogart SAD,branded,2010-01-31,success,2011-04-09 03:00:00+03:00,2026-01-24 02:00:00+02:00,773,
methode jeanne piaubert,american eagle outfitters,Jacques Bogart SAD,branded,2010-01-31,success,2011-04-09 03:00:00+03:00,2026-01-24 02:00:00+02:00,773,
stendhal,sandro,Jacques Bogart SAD,branded,2010-01-31,success,2011-04-09 03:00:00+03:00,2026-01-24 02:00:00+02:00,773,
nickel,trustpilot,Jacques Bogart SAD,branded,2010-01-31,success,2011-04-09 03:00:00+03:00,2026-01-24 02:00:00+02:00,773,
april,mister car wash,Jacques Bogart SAD,branded,2010-01-31,success,2011-04-09 03:00:00+03:00,2026-01-24 02:00:00+02:00,773,
korloff paris,sandro,Jacques Bogart SAD,branded,2010-01-31,success,2011-04-09 03:00:00+03:00,2026-01-24 02:00:00+02:00,773,
montblanc,boot barn,Interparfums,branded,2010-01-31,success,2011-04-09 03:00:00+03:00,2026-01-24 02:00:00+02:00,773,
jimmy choo,under armour,Interparfums,branded,2010-01-31,success,2011-04-09 03:00:00+03:00,2026-01-24 02:00:00+02:00,773,
boucheron,card factory,Interparfums,branded,2010-01-31,success,2011-04-09 03:00:00+03:00,2026-01-24 02:00:00+02:00,773,
anna sui,card factory,Interparfums,branded,2010-01-31,success,2011-04-09 03:00:00+03:00,2026-01-24 02:00:00+02:00,773,
coach,trustpilot,Interparfums,branded,2010-01-31,success,2011-04-09 03:00:00+03:00,2026-01-24 02:00:00+02:00,773,
kate spade,american eagle outfitters,Interparfums,branded,2010-01-31,success,2011-04-09 03:00:00+03:00,2026-01-24 02:00:00+02:00,773,
dunhill,sandro,Interparfums,branded,2010-01-31,success,2011-04-09 03:00:00+03:00,2026-01-24 02:00:00+02:00,773,
repetto,under armour,Interparfums,branded,2010-01-31,success,2011-04-09 03:00:00+03:00,2026-01-24 02:00:00+02:00,773,
oscar de la renta,boot barn,Interparfums,branded,2010-01-31,success,2011-04-09 03:00:00+03:00,2026-01-24 02:00:00+02:00,773,
rochas,card factory,Interparfums,branded,2010-01-31,success,2011-04-09 03:00:00+03:00,2026-01-24 02:00:00+02:00,773,
van cleef & arpels,american eagle outfitters,Interparfums,branded,2010-01-31,success,2011-04-09 03:00:00+03:00,2026-01-24 02:00:00+02:00,773,
abercrombie & fitch,sandro,Interparfums,branded,2010-01-31,success,2011-04-09 03:00:00+03:00,2026-01-24 02:00:00+02:00,773,
hollister,american eagle outfitters,Interparfums,branded,2010-01-31,success,2011-04-09 03:00:00+03:00,2026-01-24 02:00:00+02:00,773,
guess,under armour,Interparfums,branded,2010-01-31,success,2011-04-09 03:00:00+03:00,2026-01-24 02:00:00+02:00,773,
donna karan,american eagle outfitters,Interparfums,branded,2010-01-31,success,2011-04-09 03:00:00+03:00,2026-01-24 02:00:00+02:00,773,
dkny,mister car wash,Interparfums,branded,2010-01-31,success,2011-04-09 03:00:00+03:00,2026-01-24 02:00:00+02:00,773,
lanvin,under armour,Interparfums,branded,2010-01-31,success,2011-04-09 03:00:00+03:00,2026-01-24 02:00:00+02:00,773,
lacoste,under armour,Interparfums,branded,2010-01-31,success,2011-04-09 03:00:00+03:00,2026-01-24 02:00:00+02:00,773,
roberto cavalli,sandro,Interparfums,branded,2010-01-31,success,2011-04-09 03:00:00+03:00,2026-01-24 02:00:00+02:00,773,
gant,american eagle outfitters,Interparfums,branded,2010-01-31,success,2011-04-09 03:00:00+03:00,2026-01-24 02:00:00+02:00,773,
thrustmaster,under armour,Guillemot Corp. SAD,branded,2010-01-31,success,2011-04-09 03:00:00+03:00,2026-01-24 02:00:00+02:00,773,
hercules,trustpilot,Guillemot Corp. SAD,branded,2010-01-31,success,2011-04-09 03:00:00+03:00,2026-01-24 02:00:00+02:00,773,
gaumont,sandro,Gaumont SAD,branded,2010-01-31,success,2011-04-09 03:00:00+03:00,2026-01-24 02:00:00+02:00,773,
gaumont animation,under armour,Gaumont SAD,branded,2010-01-31,success,2011-04-09 03:00:00+03:00,2026-01-24 02:00:00+02:00,773,
gaumont television,under armour,Gaumont SAD,branded,2010-01-31,success,2011-04-09 03:00:00+03:00,2026-01-24 02:00:00+02:00,773,
les cinémas gaumont pathé,sandro,Gaumont SAD,branded,2010-01-31,success,2011-04-09 03:00:00+03:00,2026-01-24 02:00:00+02:00,773,
pathé gaumont,answear,Gaumont SAD,branded,2010-01-31,success,2011-04-09 03:00:00+03:00,2026-01-24 02:00:00+02:00,773,
parc astérix,boot barn,Compagnie des Alpes SAD,branded,2018-03-31,success,2011-04-09 03:00:00+03:00,2026-01-24 02:00:00+02:00,773,
futuroscope,american eagle outfitters,Compagnie des Alpes SAD,branded,2018-03-31,success,2011-04-09 03:00:00+03:00,2026-01-24 02:00:00+02:00,773,
walibi rhône-alpes,trustpilot,Compagnie des Alpes SAD,branded,2018-03-31,success,2011-04-09 03:00:00+03:00,2026-01-24 02:00:00+02:00,773,
walibi belgium,webjet,Compagnie des Alpes SAD,branded,2018-03-31,success,2011-04-09 03:00:00+03:00,2026-01-24 02:00:00+02:00,773,
walibi holland,under armour,Compagnie des Alpes SAD,branded,2018-03-31,success,2011-04-09 03:00:00+03:00,2026-01-24 02:00:00+02:00,773,
aqualibi,mister car wash,Compagnie des Alpes SAD,branded,2018-03-31,success,2011-04-09 03:00:00+03:00,2026-01-24 02:00:00+02:00,773,
bellewaerde park,american eagle outfitters,Compagnie des Alpes SAD,branded,2018-03-31,success,2011-04-09 03:00:00+03:00,2026-01-24 02:00:00+02:00,773,
grévin paris,webjet,Compagnie des Alpes SAD,branded,2018-03-31,success,2011-04-09 03:00:00+03:00,2026-01-24 02:00:00+02:00,773,
grévin montréal,answear,Compagnie des Alpes SAD,branded,2018-03-31,success,2011-04-09 03:00:00+03:00,2026-01-24 02:00:00+02:00,773,
chaplin's world,american eagle outfitters,Compagnie des Alpes SAD,branded,2018-03-31,success,2011-04-09 03:00:00+03:00,2026-01-24 02:00:00+02:00,773,
france miniature,sandro,Compagnie des Alpes SAD,branded,2018-03-31,success,2011-04-09 03:00:00+03:00,2026-01-24 02:00:00+02:00,773,
paradiski,sandro,Compagnie des Alpes SAD,branded,2018-03-31,success,2011-04-09 03:00:00+03:00,2026-01-24 02:00:00+02:00,773,
les arcs,american eagle outfitters,Compagnie des Alpes SAD,branded,2018-03-31,success,2011-04-09 03:00:00+03:00,2026-01-24 02:00:00+02:00,773,
la plagne,mister car wash,Compagnie des Alpes SAD,branded,2018-03-31,success,2011-04-09 03:00:00+03:00,2026-01-24 02:00:00+02:00,773,
tignes,webjet,Compagnie des Alpes SAD,branded,2018-03-31,success,2011-04-09 03:00:00+03:00,2026-01-24 02:00:00+02:00,773,
val d'isère,american eagle outfitters,Compagnie des Alpes SAD,branded,2018-03-31,success,2011-04-09 03:00:00+03:00,2026-01-24 02:00:00+02:00,773,
les menuires,answear,Compagnie des Alpes SAD,branded,2018-03-31,success,2011-04-09 03:00:00+03:00,2026-01-24 02:00:00+02:00,773,
méribel,mister car wash,Compagnie des Alpes SAD,branded,2018-03-31,success,2011-04-09 03:00:00+03:00,2026-01-24 02:00:00+02:00,773,
serre chevalier,boot barn,Compagnie des Alpes SAD,branded,2018-03-31,success,2011-04-09 03:00:00+03:00,2026-01-24 02:00:00+02:00,773,
grand massif,boot barn,Compagnie des Alpes SAD,branded,2018-03-31,success,2011-04-09 03:00:00+03:00,2026-01-24 02:00:00+02:00,773,
flaine,webjet,Compagnie des Alpes SAD,branded,2018-03-31,success,2011-04-09 03:00:00+03:00,2026-01-24 02:00:00+02:00,773,
samoëns,under armour,Compagnie des Alpes SAD,branded,2018-03-31,success,2011-04-09 03:00:00+03:00,2026-01-24 02:00:00+02:00,773,
morillon,boot barn,Compagnie des Alpes SAD,branded,2018-03-31,success,2011-04-09 03:00:00+03:00,2026-01-24 02:00:00+02:00,773,
aiguille du midi,webjet,Compagnie des Alpes SAD,branded,2018-03-31,success,2011-04-09 03:00:00+03:00,2026-01-24 02:00:00+02:00,773,
montenvers mer de glace,boot barn,Compagnie des Alpes SAD,branded,2018-03-31,success,2011-04-09 03:00:00+03:00,2026-01-24 02:00:00+02:00,773,
espace san bernardo,answear,Compagnie des Alpes SAD,branded,2018-03-31,success,2011-04-09 03:00:00+03:00,2026-01-24 02:00:00+02:00,773,
la rosière,answear,Compagnie des Alpes SAD,branded,2018-03-31,success,2011-04-09 03:00:00+03:00,2026-01-24 02:00:00+02:00,773,
stoneham,mister car wash,Compagnie des Alpes SAD,branded,2018-03-31,success,2011-04-09 03:00:00+03:00,2026-01-24 02:00:00+02:00,773,
mont saint-sauveur,mister car wash,Compagnie des Alpes SAD,branded,2018-03-31,success,2011-04-09 03:00:00+03:00,2026-01-24 02:00:00+02:00,773,
les sept laux,card factory,Compagnie des Alpes SAD,branded,2018-03-31,failed,,,0,"Oxylabs API error: 204 (x-oxylabs-job-id=7420903374981211137) | keyword='les sept laux', date_from='2011-04-05', date_to='2016-04-04' | No Content"
verbier,boot barn,Compagnie des Alpes SAD,branded,2018-03-31,success,2011-04-09 03:00:00+03:00,2026-01-24 02:00:00+02:00,773,
saas-fee,card factory,Compagnie des Alpes SAD,branded,2018-03-31,success,2011-04-09 03:00:00+03:00,2026-01-24 02:00:00+02:00,773,
les gets,sandro,Compagnie des Alpes SAD,branded,2018-03-31,failed,,,0,"HTTPSConnectionPool(host='realtime.oxylabs.io', port=443): Read timed out. (read timeout=60)"
banijay,boot barn,Banijay Group N.V. Class AD,branded,2010-01-31,success,2011-04-09 03:00:00+03:00,2026-01-24 02:00:00+02:00,773,
big brother,trustpilot,Banijay Group N.V. Class AD,branded,2010-01-31,success,2011-04-09 03:00:00+03:00,2026-01-24 02:00:00+02:00,773,
masterchef,american eagle outfitters,Banijay Group N.V. Class AD,branded,2010-01-31,success,2011-04-09 03:00:00+03:00,2026-01-24 02:00:00+02:00,773,
deal or no deal,card factory,Banijay Group N.V. Class AD,branded,2010-01-31,success,2011-04-09 03:00:00+03:00,2026-01-24 02:00:00+02:00,773,
survivor,american eagle outfitters,Banijay Group N.V. Class AD,branded,2010-01-31,success,2011-04-09 03:00:00+03:00,2026-01-24 02:00:00+02:00,773,
peaky blinders,trustpilot,Banijay Group N.V. Class AD,branded,2010-01-31,success,2011-04-09 03:00:00+03:00,2026-01-24 02:00:00+02:00,773,
black mirror,boot barn,Banijay Group N.V. Class AD,branded,2010-01-31,success,2011-04-09 03:00:00+03:00,2026-01-24 02:00:00+02:00,773,
mr. bean,trustpilot,Banijay Group N.V. Class AD,branded,2010-01-31,success,2011-04-09 03:00:00+03:00,2026-01-24 02:00:00+02:00,773,
bunim/murray productions,webjet,Banijay Group N.V. Class AD,branded,2010-01-31,success,2016-03-05 02:00:00+02:00,2026-01-24 02:00:00+02:00,517,
temptation island,webjet,Banijay Group N.V. Class AD,branded,2010-01-31,success,2011-04-09 03:00:00+03:00,2026-01-24 02:00:00+02:00,773,
wife swap,card factory,Banijay Group N.V. Class AD,branded,2010-01-31,success,2011-04-09 03:00:00+03:00,2026-01-24 02:00:00+02:00,773,
fort boyard,card factory,Banijay Group N.V. Class AD,branded,2010-01-31,success,2011-04-09 03:00:00+03:00,2026-01-24 02:00:00+02:00,773,
beneteau,webjet,Beneteau SAD,branded,2010-01-31,success,2011-04-09 03:00:00+03:00,2026-01-24 02:00:00+02:00,773,
jeanneau,mister car wash,Beneteau SAD,branded,2010-01-31,success,2011-04-09 03:00:00+03:00,2026-01-24 02:00:00+02:00,773,
lagoon,answear,Beneteau SAD,branded,2010-01-31,success,2011-04-09 03:00:00+03:00,2026-01-24 02:00:00+02:00,773,
prestige,webjet,Beneteau SAD,branded,2010-01-31,success,2011-04-09 03:00:00+03:00,2026-01-24 02:00:00+02:00,773,
monte carlo yachts,american eagle outfitters,Beneteau SAD,branded,2010-01-31,success,2011-04-09 03:00:00+03:00,2026-01-24 02:00:00+02:00,773,
cnb yachts,american eagle outfitters,Beneteau SAD,branded,2010-01-31,success,2011-04-09 03:00:00+03:00,2026-01-24 02:00:00+02:00,773,
four winns,answear,Beneteau SAD,branded,2010-01-31,success,2011-04-09 03:00:00+03:00,2026-01-24 02:00:00+02:00,773,
glastron,trustpilot,Beneteau SAD,branded,2010-01-31,success,2011-04-09 03:00:00+03:00,2026-01-24 02:00:00+02:00,773,
scarab,card factory,Beneteau SAD,branded,2010-01-31,success,2011-04-09 03:00:00+03:00,2026-01-24 02:00:00+02:00,773,
wellcraft,answear,Beneteau SAD,branded,2010-01-31,success,2011-04-09 03:00:00+03:00,2026-01-24 02:00:00+02:00,773,
delphia,answear,Beneteau SAD,branded,2010-01-31,success,2011-04-09 03:00:00+03:00,2026-01-24 02:00:00+02:00,773,
excess catamarans,sandro,Beneteau SAD,branded,2010-01-31,success,2011-04-09 03:00:00+03:00,2026-01-24 02:00:00+02:00,773,
rainbow tours,sandro,Rainbow Tours S.A.D,branded,2010-01-31,success,2011-04-09 03:00:00+03:00,2026-01-24 02:00:00+02:00,773,
white olive hotels,card factory,Rainbow Tours S.A.D,branded,2010-01-31,success,2011-04-09 03:00:00+03:00,2026-01-24 02:00:00+02:00,773,
pcc exol,mister car wash,PCC Exol SAD,branded,2010-01-31,success,2011-04-09 03:00:00+03:00,2026-01-24 02:00:00+02:00,773,
kfc,answear,AmRest Holdings SED,branded,2013-12-31,success,2011-04-09 03:00:00+03:00,2026-01-24 02:00:00+02:00,773,
pizza hut,webjet,AmRest Holdings SED,branded,2013-12-31,success,2011-04-09 03:00:00+03:00,2026-01-24 02:00:00+02:00,773,
burger king,answear,AmRest Holdings SED,branded,2013-12-31,success,2011-04-09 03:00:00+03:00,2026-01-24 02:00:00+02:00,773,
starbucks,american eagle outfitters,AmRest Holdings SED,branded,2013-12-31,success,2011-04-09 03:00:00+03:00,2026-01-24 02:00:00+02:00,773,
la tagliatella,american eagle outfitters,AmRest Holdings SED,branded,2013-12-31,success,2011-04-09 03:00:00+03:00,2026-01-24 02:00:00+02:00,773,
blue frog,american eagle outfitters,AmRest Holdings SED,branded,2013-12-31,success,2011-04-09 03:00:00+03:00,2026-01-24 02:00:00+02:00,773,
sushi shop,webjet,AmRest Holdings SED,branded,2013-12-31,success,2011-04-09 03:00:00+03:00,2026-01-24 02:00:00+02:00,773,
bacoa,boot barn,AmRest Holdings SED,branded,2013-12-31,success,2011-04-09 03:00:00+03:00,2026-01-24 02:00:00+02:00,773,
kabb,webjet,AmRest Holdings SED,branded,2013-12-31,success,2011-04-09 03:00:00+03:00,2026-01-24 02:00:00+02:00,773,
multisport,answear,Benefit Systems S.A.D,branded,2010-01-31,success,2011-04-09 03:00:00+03:00,2026-01-24 02:00:00+02:00,773,
multilife,under armour,Benefit Systems S.A.D,branded,2010-01-31,success,2011-04-09 03:00:00+03:00,2026-01-24 02:00:00+02:00,773,
multikafeteria,answear,Benefit Systems S.A.D,branded,2010-01-31,success,2011-04-09 03:00:00+03:00,2026-01-24 02:00:00+02:00,773,
zdrofit,boot barn,Benefit Systems S.A.D,branded,2010-01-31,success,2011-04-09 03:00:00+03:00,2026-01-24 02:00:00+02:00,773,
fabryka formy,trustpilot,Benefit Systems S.A.D,branded,2010-01-31,success,2011-04-09 03:00:00+03:00,2026-01-24 02:00:00+02:00,773,
my fitness place,card factory,Benefit Systems S.A.D,branded,2010-01-31,failed,,,0,"HTTPSConnectionPool(host='realtime.oxylabs.io', port=443): Read timed out. (read timeout=60)"
s4 fitness,under armour,Benefit Systems S.A.D,branded,2010-01-31,success,2011-04-09 03:00:00+03:00,2026-01-24 02:00:00+02:00,773,
multibilet,webjet,Benefit Systems S.A.D,branded,2010-01-31,success,2011-04-09 03:00:00+03:00,2026-01-24 02:00:00+02:00,773,
allegro,mister car wash,Allegro.eu S.A.D,branded,2020-09-30,success,2011-04-09 03:00:00+03:00,2026-01-24 02:00:00+02:00,773,
ebilet,american eagle outfitters,Allegro.eu S.A.D,branded,2020-09-30,success,2011-04-09 03:00:00+03:00,2026-01-24 02:00:00+02:00,773,
ceneo,answear,Allegro.eu S.A.D,branded,2020-09-30,success,2011-04-09 03:00:00+03:00,2026-01-24 02:00:00+02:00,773,
allegro smart!,sandro,Allegro.eu S.A.D,branded,2020-09-30,success,2011-04-09 03:00:00+03:00,2026-01-24 02:00:00+02:00,773,
allegro pay,sandro,Allegro.eu S.A.D,branded,2020-09-30,failed,,,0,"Oxylabs API error: 500 | keyword='allegro pay', date_from='2016-02-28', date_to='2021-02-27' | Internal Server Error - <!DOCTYPE html>
<html lang=""en"">
   <head>
       <meta charset=""utf-8"" />
       <title>500 Internal server error</title>
   </head>
   <body>
       <main>
           <h1>500 Ooops something went wrong :( </h1>
           <p>Something went very very wrong with your request</p>
           <p>When reporting this error, please include the following</p>
           <p>+</p>
           <p>trace_id: 69751cc2-7f69705f7d35a52efb903d26</p>
       </main>
   </body>
</html>"
mall.cz,card factory,Allegro.eu S.A.D,branded,2020-09-30,success,2011-04-09 03:00:00+03:00,2026-01-24 02:00:00+02:00,773,
mimovrste,sandro,Allegro.eu S.A.D,branded,2020-09-30,success,2011-04-09 03:00:00+03:00,2026-01-24 02:00:00+02:00,773,
webshops.sk,mister car wash,Allegro.eu S.A.D,branded,2020-09-30,success,2011-04-09 03:00:00+03:00,2026-01-24 02:00:00+02:00,773,
webshops.hr,card factory,Allegro.eu S.A.D,branded,2020-09-30,success,2011-04-09 03:00:00+03:00,2026-01-24 02:00:00+02:00,773,
webshops.hu,sandro,Allegro.eu S.A.D,branded,2020-09-30,NOT_NORMALIZED,,,0,No data for webshops.hu in window 1
pricemania.sk,webjet,Allegro.eu S.A.D,branded,2020-09-30,success,2011-04-09 03:00:00+03:00,2026-01-24 02:00:00+02:00,773,
victoria carpets,under armour,Victoria PLC,branded,2010-01-31,success,2011-04-09 03:00:00+03:00,2026-01-24 02:00:00+02:00,773,
abingdon flooring,mister car wash,Victoria PLC,branded,2010-01-31,success,2011-04-09 03:00:00+03:00,2026-01-24 02:00:00+02:00,773,
hugh mackay,mister car wash,Victoria PLC,branded,2010-01-31,success,2011-04-09 03:00:00+03:00,2026-01-24 02:00:00+02:00,773,
greenwood,mister car wash,Victoria PLC,branded,2010-01-31,success,2011-04-09 03:00:00+03:00,2026-01-24 02:00:00+02:00,773,
duralay,webjet,Victoria PLC,branded,2010-01-31,success,2011-04-09 03:00:00+03:00,2026-01-24 02:00:00+02:00,773,
tredaire,under armour,Victoria PLC,branded,2010-01-31,success,2011-04-09 03:00:00+03:00,2026-01-24 02:00:00+02:00,773,
anderson tuftex,trustpilot,Victoria PLC,branded,2010-01-31,success,2011-04-09 03:00:00+03:00,2026-01-24 02:00:00+02:00,773,
tuftex,american eagle outfitters,Victoria PLC,branded,2010-01-31,success,2011-04-09 03:00:00+03:00,2026-01-24 02:00:00+02:00,773,
westex carpets,card factory,Victoria PLC,branded,2010-01-31,success,2011-04-09 03:00:00+03:00,2026-01-24 02:00:00+02:00,773,
keraben,trustpilot,Victoria PLC,branded,2010-01-31,success,2011-04-09 03:00:00+03:00,2026-01-24 02:00:00+02:00,773,
metropol,webjet,Victoria PLC,branded,2010-01-31,success,2011-04-09 03:00:00+03:00,2026-01-24 02:00:00+02:00,773,
ibero,answear,Victoria PLC,branded,2010-01-31,success,2011-04-09 03:00:00+03:00,2026-01-24 02:00:00+02:00,773,
ricchetti,card factory,Victoria PLC,branded,2010-01-31,success,2011-04-09 03:00:00+03:00,2026-01-24 02:00:00+02:00,773,
cisa,mister car wash,Victoria PLC,branded,2010-01-31,success,2011-04-09 03:00:00+03:00,2026-01-24 02:00:00+02:00,773,
cerdisa,sandro,Victoria PLC,branded,2010-01-31,success,2011-04-09 03:00:00+03:00,2026-01-24 02:00:00+02:00,773,
hatria,answear,Victoria PLC,branded,2010-01-31,success,2011-04-09 03:00:00+03:00,2026-01-24 02:00:00+02:00,773,
saloni ceramica,mister car wash,Victoria PLC,branded,2010-01-31,success,2011-04-09 03:00:00+03:00,2026-01-24 02:00:00+02:00,773,
balta,webjet,Victoria PLC,branded,2010-01-31,success,2011-04-09 03:00:00+03:00,2026-01-24 02:00:00+02:00,773,
itc,webjet,Victoria PLC,branded,2010-01-31,success,2011-04-09 03:00:00+03:00,2026-01-24 02:00:00+02:00,773,
lano carpets,sandro,Victoria PLC,branded,2010-01-31,success,2011-04-09 03:00:00+03:00,2026-01-24 02:00:00+02:00,773,
cormar carpets,boot barn,Victoria PLC,branded,2010-01-31,success,2011-04-09 03:00:00+03:00,2026-01-24 02:00:00+02:00,773,
trainline,american eagle outfitters,Trainline Plc,branded,2019-08-31,success,2011-04-09 03:00:00+03:00,2026-01-24 02:00:00+02:00,773,
capitaine train,trustpilot,Trainline Plc,branded,2019-08-31,success,2011-04-09 03:00:00+03:00,2026-01-24 02:00:00+02:00,773,
upper crust,answear,SSP Group Plc,branded,2015-03-31,success,2011-04-09 03:00:00+03:00,2026-01-24 02:00:00+02:00,773,
ritazza,webjet,SSP Group Plc,branded,2015-03-31,success,2011-04-09 03:00:00+03:00,2026-01-24 02:00:00+02:00,773,
camden food co,under armour,SSP Group Plc,branded,2015-03-31,success,2011-04-09 03:00:00+03:00,2026-01-24 02:00:00+02:00,773,
millie's cookies,card factory,SSP Group Plc,branded,2015-03-31,success,2011-04-09 03:00:00+03:00,2026-01-24 02:00:00+02:00,773,
caviar house & prunier,american eagle outfitters,SSP Group Plc,branded,2015-03-31,success,2011-04-09 03:00:00+03:00,2026-01-24 02:00:00+02:00,773,
burger king,under armour,SSP Group Plc,branded,2015-03-31,success,2011-04-09 03:00:00+03:00,2026-01-24 02:00:00+02:00,773,
starbucks,sandro,SSP Group Plc,branded,2015-03-31,success,2011-04-09 03:00:00+03:00,2026-01-24 02:00:00+02:00,773,
m&s simply food,american eagle outfitters,SSP Group Plc,branded,2015-03-31,success,2011-04-09 03:00:00+03:00,2026-01-24 02:00:00+02:00,773,
whsmith,boot barn,SSP Group Plc,branded,2015-03-31,success,2011-04-09 03:00:00+03:00,2026-01-24 02:00:00+02:00,773,
pret a manger,under armour,SSP Group Plc,branded,2015-03-31,success,2011-04-09 03:00:00+03:00,2026-01-24 02:00:00+02:00,773,
kfc,under armour,SSP Group Plc,branded,2015-03-31,success,2011-04-09 03:00:00+03:00,2026-01-24 02:00:00+02:00,773,
pizza hut,mister car wash,SSP Group Plc,branded,2015-03-31,success,2011-04-09 03:00:00+03:00,2026-01-24 02:00:00+02:00,773,
paul,american eagle outfitters,SSP Group Plc,branded,2015-03-31,success,2011-04-09 03:00:00+03:00,2026-01-24 02:00:00+02:00,773,
leon,mister car wash,SSP Group Plc,branded,2015-03-31,success,2011-04-09 03:00:00+03:00,2026-01-24 02:00:00+02:00,773,
yo! sushi,sandro,SSP Group Plc,branded,2015-03-31,success,2011-04-09 03:00:00+03:00,2026-01-24 02:00:00+02:00,773,
wasabi,card factory,SSP Group Plc,branded,2015-03-31,failed,,,0,"HTTPSConnectionPool(host='realtime.oxylabs.io', port=443): Read timed out. (read timeout=60)"
saga,mister car wash,Saga plc,branded,2010-01-31,success,2011-04-09 03:00:00+03:00,2026-01-24 02:00:00+02:00,773,
saga cruises,mister car wash,Saga plc,branded,2010-01-31,success,2011-04-09 03:00:00+03:00,2026-01-24 02:00:00+02:00,773,
saga magazine,american eagle outfitters,Saga plc,branded,2010-01-31,success,2011-04-09 03:00:00+03:00,2026-01-24 02:00:00+02:00,773,
saga money,trustpilot,Saga plc,branded,2010-01-31,success,2011-04-09 03:00:00+03:00,2026-01-24 02:00:00+02:00,773,
roadside real estate plc,boot barn,Roadside Real Estate Plc,branded,2010-01-31,success,2011-04-09 03:00:00+03:00,2026-01-24 02:00:00+02:00,773,
grosvenor casinos,answear,Rank Group Plc,branded,2015-12-31,success,2011-04-09 03:00:00+03:00,2026-01-24 02:00:00+02:00,773,
mecca bingo,answear,Rank Group Plc,branded,2015-12-31,success,2011-04-09 03:00:00+03:00,2026-01-24 02:00:00+02:00,773,
enracha,american eagle outfitters,Rank Group Plc,branded,2015-12-31,success,2011-04-09 03:00:00+03:00,2026-01-24 02:00:00+02:00,773,
imperial leather,answear,PZ Cussons Plc,branded,2016-05-31,success,2011-04-09 03:00:00+03:00,2026-01-24 02:00:00+02:00,773,
carex,american eagle outfitters,PZ Cussons Plc,branded,2016-05-31,success,2011-04-09 03:00:00+03:00,2026-01-24 02:00:00+02:00,773,
original source,answear,PZ Cussons Plc,branded,2016-05-31,success,2011-04-09 03:00:00+03:00,2026-01-24 02:00:00+02:00,773,
cussons baby,trustpilot,PZ Cussons Plc,branded,2016-05-31,success,2011-04-09 03:00:00+03:00,2026-01-24 02:00:00+02:00,773,
st tropez,webjet,PZ Cussons Plc,branded,2016-05-31,success,2011-04-09 03:00:00+03:00,2026-01-24 02:00:00+02:00,773,
premier cool,boot barn,PZ Cussons Plc,branded,2016-05-31,success,2011-04-09 03:00:00+03:00,2026-01-24 02:00:00+02:00,773,
morning fresh,card factory,PZ Cussons Plc,branded,2016-05-31,success,2011-04-09 03:00:00+03:00,2026-01-24 02:00:00+02:00,773,
joy,american eagle outfitters,PZ Cussons Plc,branded,2016-05-31,success,2011-04-09 03:00:00+03:00,2026-01-24 02:00:00+02:00,773,
nunu,mister car wash,PZ Cussons Plc,branded,2016-05-31,success,2011-04-09 03:00:00+03:00,2026-01-24 02:00:00+02:00,773,
loya milk,answear,PZ Cussons Plc,branded,2016-05-31,success,2011-04-09 03:00:00+03:00,2026-01-24 02:00:00+02:00,773,
mane 'n tail,trustpilot,PZ Cussons Plc,branded,2016-05-31,success,2011-04-09 03:00:00+03:00,2026-01-24 02:00:00+02:00,773,
procook,answear,ProCook Group PLC,branded,2010-01-31,success,2011-04-09 03:00:00+03:00,2026-01-24 02:00:00+02:00,773,
on the beach,boot barn,On The Beach Group PLC,branded,2010-01-31,success,2011-04-09 03:00:00+03:00,2026-01-24 02:00:00+02:00,773,
sunshine.co.uk,american eagle outfitters,On The Beach Group PLC,branded,2010-01-31,success,2011-04-09 03:00:00+03:00,2026-01-24 02:00:00+02:00,773,
next,under armour,Next plc,branded,2016-07-31,success,2011-04-09 03:00:00+03:00,2026-01-24 02:00:00+02:00,773,
lipsy,trustpilot,Next plc,branded,2016-07-31,success,2011-04-09 03:00:00+03:00,2026-01-24 02:00:00+02:00,773,
reiss,webjet,Next plc,branded,2016-07-31,success,2011-04-09 03:00:00+03:00,2026-01-24 02:00:00+02:00,773,
victoria's secret uk,under armour,Next plc,branded,2016-07-31,success,2011-04-09 03:00:00+03:00,2026-01-24 02:00:00+02:00,773,
gap uk,trustpilot,Next plc,branded,2016-07-31,success,2011-04-09 03:00:00+03:00,2026-01-24 02:00:00+02:00,773,
made.com,under armour,Next plc,branded,2016-07-31,success,2011-04-09 03:00:00+03:00,2026-01-24 02:00:00+02:00,773,
joules,card factory,Next plc,branded,2016-07-31,success,2011-04-09 03:00:00+03:00,2026-01-24 02:00:00+02:00,773,
cath kidston,american eagle outfitters,Next plc,branded,2016-07-31,success,2011-04-09 03:00:00+03:00,2026-01-24 02:00:00+02:00,773,
fatface,boot barn,Next plc,branded,2016-07-31,success,2011-04-09 03:00:00+03:00,2026-01-24 02:00:00+02:00,773,
quixant,mister car wash,Nexteq PLC,branded,2010-01-31,success,2011-04-09 03:00:00+03:00,2026-01-24 02:00:00+02:00,773,
densitron,webjet,Nexteq PLC,branded,2010-01-31,success,2011-04-09 03:00:00+03:00,2026-01-24 02:00:00+02:00,773,
mulberry,sandro,Mulberry Group plc,branded,2016-06-30,success,2011-04-09 03:00:00+03:00,2026-01-24 02:00:00+02:00,773,
marston's,under armour,Marston's PLC,branded,2013-09-30,success,2011-04-09 03:00:00+03:00,2026-01-24 02:00:00+02:00,773,
banks's,boot barn,Marston's PLC,branded,2013-09-30,success,2011-04-09 03:00:00+03:00,2026-01-24 02:00:00+02:00,773,
wainwright,sandro,Marston's PLC,branded,2013-09-30,success,2011-04-09 03:00:00+03:00,2026-01-24 02:00:00+02:00,773,
hobgoblin,answear,Marston's PLC,branded,2013-09-30,success,2011-04-09 03:00:00+03:00,2026-01-24 02:00:00+02:00,773,
pedigree,trustpilot,Marston's PLC,branded,2013-09-30,success,2011-04-09 03:00:00+03:00,2026-01-24 02:00:00+02:00,773,
bombardier,mister car wash,Marston's PLC,branded,2013-09-30,success,2011-04-09 03:00:00+03:00,2026-01-24 02:00:00+02:00,773,
young's ales,trustpilot,Marston's PLC,branded,2013-09-30,success,2021-01-30 02:00:00+02:00,2026-01-24 02:00:00+02:00,261,
ringwood,answear,Marston's PLC,branded,2013-09-30,success,2011-04-09 03:00:00+03:00,2026-01-24 02:00:00+02:00,773,
jennings,card factory,Marston's PLC,branded,2013-09-30,success,2011-04-09 03:00:00+03:00,2026-01-24 02:00:00+02:00,773,
brakspear beer,trustpilot,Marston's PLC,branded,2013-09-30,success,2011-04-09 03:00:00+03:00,2026-01-24 02:00:00+02:00,773,
toby carvery,card factory,Mitchells & Butlers plc,branded,2013-09-30,success,2011-04-09 03:00:00+03:00,2026-01-24 02:00:00+02:00,773,
harvester,under armour,Mitchells & Butlers plc,branded,2013-09-30,success,2011-04-09 03:00:00+03:00,2026-01-24 02:00:00+02:00,773,
